filepath,label,region,source,gbif_id,floralens_set,floralens_repos
C:\Users\USER\Downloads\files(4)\invasivelens\invasivelens\data_raw\floralens\Phragmites_australis\Phragmites_australis_1703230661_2.jpg,Phragmites australis,Unknown,floralens,1703230661.0,TEST,iNaturalist
C:\Users\USER\Downloads\files(4)\invasivelens\invasivelens\data_raw\floralens\Phragmites_australis\Phragmites_australis_8.jpg,Phragmites australis,Unknown,floralens,,TEST,FloraOn
C:\Users\USER\Downloads\files(4)\invasivelens\invasivelens\data_raw\floralens\Phragmites_australis\Phragmites_australis_2644024462_1.jpg,Phragmites australis,Unknown,floralens,2644024462.0,TEST,Pl@ntNet
C:\Users\USER\Downloads\files(4)\invasivelens\invasivelens\data_raw\floralens\Phragmites_australis\Phragmites_australis_2550131992_1.jpg,Phragmites australis,Unknown,floralens,2550131992.0,TEST,iNaturalist
C:\Users\USER\Downloads\files(4)\invasivelens\invasivelens\data_raw\floralens\Phragmites_australis\Phragmites_australis_2644742112_1.jpg,Phragmites australis,Unknown,floralens,2644742112.0,TEST,Pl@ntNet
C:\Users\USER\Downloads\files(4)\invasivelens\invasivelens\data_raw\floralens\Phragmites_australis\Phragmites_australis_2974593745_1.jpg,Phragmites australis,Unknown,floralens,2974593745.0,TEST,Pl@ntNet
C:\Users\USER\Downloads\files(4)\invasivelens\invasivelens\data_raw\floralens\Phragmites_australis\Phragmites_australis_2645634728_1.jpg,Phragmites australis,Unknown,floralens,2645634728.0,TEST,Pl@ntNet
C:\Users\USER\Downloads\files(4)\invasivelens\invasivelens\data_raw\floralens\Phragmites_australis\Phragmites_australis_2543049946_1.jpg,Phragmites australis,Unknown,floralens,2543049946.0,TEST,iNaturalist
C:\Users\USER\Downloads\files(4)\invasivelens\invasivelens\data_raw\floralens\Phragmites_australis\Phragmites_australis_1913721919_1.jpg,Phragmites australis,Unknown,floralens,1913721919.0,TEST,iNaturalist
C:\Users\USER\Downloads\files(4)\invasivelens\invasivelens\data_raw\floralens\Phragmites_australis\Phragmites_australis_2974594263_1.jpg,Phragmites australis,Unknown,floralens,2974594263.0,TEST,Pl@ntNet
C:\Users\USER\Downloads\files(4)\invasivelens\invasivelens\data_raw\floralens\Phragmites_australis\Phragmites_australis_1913721919_2.jpg,Phragmites australis,Unknown,floralens,1913721919.0,TEST,iNaturalist
C:\Users\USER\Downloads\files(4)\invasivelens\invasivelens\data_raw\floralens\Phragmites_australis\Phragmites_australis_1986587409_1.jpg,Phragmites australis,Unknown,floralens,1986587409.0,TEST,iNaturalist
C:\Users\USER\Downloads\files(4)\invasivelens\invasivelens\data_raw\floralens\Phragmites_australis\Phragmites_australis_1802716646_1.jpg,Phragmites australis,Unknown,floralens,1802716646.0,TEST,iNaturalist
C:\Users\USER\Downloads\files(4)\invasivelens\invasivelens\data_raw\floralens\Phragmites_australis\Phragmites_australis_2644150357_1.jpg,Phragmites australis,Unknown,floralens,2644150357.0,TEST,Pl@ntNet
C:\Users\USER\Downloads\files(4)\invasivelens\invasivelens\data_raw\floralens\Phragmites_australis\Phragmites_australis_1586136875_1.jpg,Phragmites australis,Unknown,floralens,1586136875.0,TEST,iNaturalist
C:\Users\USER\Downloads\files(4)\invasivelens\invasivelens\data_raw\floralens\Phragmites_australis\Phragmites_australis_2550073556_1.jpg,Phragmites australis,Unknown,floralens,2550073556.0,TEST,iNaturalist
C:\Users\USER\Downloads\files(4)\invasivelens\invasivelens\data_raw\floralens\Phragmites_australis\Phragmites_australis_2974509310_1.jpg,Phragmites australis,Unknown,floralens,2974509310.0,TEST,Pl@ntNet
C:\Users\USER\Downloads\files(4)\invasivelens\invasivelens\data_raw\floralens\Phragmites_australis\Phragmites_australis_2974390818_1.jpg,Phragmites australis,Unknown,floralens,2974390818.0,TEST,Pl@ntNet
C:\Users\USER\Downloads\files(4)\invasivelens\invasivelens\data_raw\floralens\Phragmites_australis\Phragmites_australis_2974476540_1.jpg,Phragmites australis,Unknown,floralens,2974476540.0,TEST,Pl@ntNet
C:\Users\USER\Downloads\files(4)\invasivelens\invasivelens\data_raw\floralens\Phragmites_australis\Phragmites_australis_2974464296_1.jpg,Phragmites australis,Unknown,floralens,2974464296.0,TEST,Pl@ntNet
C:\Users\USER\Downloads\files(4)\invasivelens\invasivelens\data_raw\floralens\Phragmites_australis\Phragmites_australis_2644033887_1.jpg,Phragmites australis,Unknown,floralens,2644033887.0,VALIDATION,Pl@ntNet
C:\Users\USER\Downloads\files(4)\invasivelens\invasivelens\data_raw\floralens\Phragmites_australis\Phragmites_australis_2974450924_1.jpg,Phragmites australis,Unknown,floralens,2974450924.0,VALIDATION,Pl@ntNet
C:\Users\USER\Downloads\files(4)\invasivelens\invasivelens\data_raw\floralens\Phragmites_australis\Phragmites_australis_2644307202_1.jpg,Phragmites australis,Unknown,floralens,2644307202.0,VALIDATION,Pl@ntNet
C:\Users\USER\Downloads\files(4)\invasivelens\invasivelens\data_raw\floralens\Phragmites_australis\Phragmites_australis_2269272018_1.jpg,Phragmites australis,Unknown,floralens,2269272018.0,VALIDATION,iNaturalist
C:\Users\USER\Downloads\files(4)\invasivelens\invasivelens\data_raw\floralens\Phragmites_australis\Phragmites_australis_2974437525_1.jpg,Phragmites australis,Unknown,floralens,2974437525.0,VALIDATION,Pl@ntNet
C:\Users\USER\Downloads\files(4)\invasivelens\invasivelens\data_raw\floralens\Phragmites_australis\Phragmites_australis_2645583646_1.jpg,Phragmites australis,Unknown,floralens,2645583646.0,VALIDATION,Pl@ntNet
C:\Users\USER\Downloads\files(4)\invasivelens\invasivelens\data_raw\floralens\Phragmites_australis\Phragmites_australis_2429576606_2.jpg,Phragmites australis,Unknown,floralens,2429576606.0,VALIDATION,iNaturalist
C:\Users\USER\Downloads\files(4)\invasivelens\invasivelens\data_raw\floralens\Phragmites_australis\Phragmites_australis_2366132879_2.jpg,Phragmites australis,Unknown,floralens,2366132879.0,VALIDATION,iNaturalist
C:\Users\USER\Downloads\files(4)\invasivelens\invasivelens\data_raw\floralens\Phragmites_australis\Phragmites_australis_2242953729_3.jpg,Phragmites australis,Unknown,floralens,2242953729.0,VALIDATION,iNaturalist
C:\Users\USER\Downloads\files(4)\invasivelens\invasivelens\data_raw\floralens\Phragmites_australis\Phragmites_australis_2643516987_2.jpg,Phragmites australis,Unknown,floralens,2643516987.0,VALIDATION,Pl@ntNet
C:\Users\USER\Downloads\files(4)\invasivelens\invasivelens\data_raw\floralens\Phragmites_australis\Phragmites_australis_2974380145_1.jpg,Phragmites australis,Unknown,floralens,2974380145.0,VALIDATION,Pl@ntNet
C:\Users\USER\Downloads\files(4)\invasivelens\invasivelens\data_raw\floralens\Phragmites_australis\Phragmites_australis_2974332252_1.jpg,Phragmites australis,Unknown,floralens,2974332252.0,VALIDATION,Pl@ntNet
C:\Users\USER\Downloads\files(4)\invasivelens\invasivelens\data_raw\floralens\Phragmites_australis\Phragmites_australis_2974399375_1.jpg,Phragmites australis,Unknown,floralens,2974399375.0,VALIDATION,Pl@ntNet
C:\Users\USER\Downloads\files(4)\invasivelens\invasivelens\data_raw\floralens\Phragmites_australis\Phragmites_australis_1978461917_2.jpg,Phragmites australis,Unknown,floralens,1978461917.0,VALIDATION,iNaturalist
C:\Users\USER\Downloads\files(4)\invasivelens\invasivelens\data_raw\floralens\Phragmites_australis\Phragmites_australis_2643651999_1.jpg,Phragmites australis,Unknown,floralens,2643651999.0,VALIDATION,Pl@ntNet
C:\Users\USER\Downloads\files(4)\invasivelens\invasivelens\data_raw\floralens\Phragmites_australis\Phragmites_australis_2974483698_1.jpg,Phragmites australis,Unknown,floralens,2974483698.0,VALIDATION,Pl@ntNet
C:\Users\USER\Downloads\files(4)\invasivelens\invasivelens\data_raw\floralens\Phragmites_australis\Phragmites_australis_2974523351_1.jpg,Phragmites australis,Unknown,floralens,2974523351.0,VALIDATION,Pl@ntNet
C:\Users\USER\Downloads\files(4)\invasivelens\invasivelens\data_raw\floralens\Phragmites_australis\Phragmites_australis_2643516987_1.jpg,Phragmites australis,Unknown,floralens,2643516987.0,VALIDATION,Pl@ntNet
C:\Users\USER\Downloads\files(4)\invasivelens\invasivelens\data_raw\floralens\Phragmites_australis\Phragmites_australis_2540816913_2.jpg,Phragmites australis,Unknown,floralens,2540816913.0,VALIDATION,iNaturalist
C:\Users\USER\Downloads\files(4)\invasivelens\invasivelens\data_raw\floralens\Phragmites_australis\Phragmites_australis_2397590324_1.jpg,Phragmites australis,Unknown,floralens,2397590324.0,VALIDATION,iNaturalist
C:\Users\USER\Downloads\files(4)\invasivelens\invasivelens\data_raw\floralens\Phragmites_australis\Phragmites_australis_4.jpg,Phragmites australis,Unknown,floralens,,TRAIN,FloraOn
C:\Users\USER\Downloads\files(4)\invasivelens\invasivelens\data_raw\floralens\Phragmites_australis\Phragmites_australis_2974420877_1.jpg,Phragmites australis,Unknown,floralens,2974420877.0,TRAIN,Pl@ntNet
C:\Users\USER\Downloads\files(4)\invasivelens\invasivelens\data_raw\floralens\Phragmites_australis\Phragmites_australis_1802701304_1.jpg,Phragmites australis,Unknown,floralens,1802701304.0,TRAIN,iNaturalist
C:\Users\USER\Downloads\files(4)\invasivelens\invasivelens\data_raw\floralens\Phragmites_australis\Phragmites_australis_2576505214_3.jpg,Phragmites australis,Unknown,floralens,2576505214.0,TRAIN,iNaturalist
C:\Users\USER\Downloads\files(4)\invasivelens\invasivelens\data_raw\floralens\Phragmites_australis\Phragmites_australis_2465202022_1.jpg,Phragmites australis,Unknown,floralens,2465202022.0,TRAIN,iNaturalist
C:\Users\USER\Downloads\files(4)\invasivelens\invasivelens\data_raw\floralens\Phragmites_australis\Phragmites_australis_2236242560_1.jpg,Phragmites australis,Unknown,floralens,2236242560.0,TRAIN,iNaturalist
C:\Users\USER\Downloads\files(4)\invasivelens\invasivelens\data_raw\floralens\Phragmites_australis\Phragmites_australis_1913721919_3.jpg,Phragmites australis,Unknown,floralens,1913721919.0,TRAIN,iNaturalist
C:\Users\USER\Downloads\files(4)\invasivelens\invasivelens\data_raw\floralens\Phragmites_australis\Phragmites_australis_2242953729_1.jpg,Phragmites australis,Unknown,floralens,2242953729.0,TRAIN,iNaturalist
C:\Users\USER\Downloads\files(4)\invasivelens\invasivelens\data_raw\floralens\Phragmites_australis\Phragmites_australis_2645567157_1.jpg,Phragmites australis,Unknown,floralens,2645567157.0,TRAIN,Pl@ntNet
C:\Users\USER\Downloads\files(4)\invasivelens\invasivelens\data_raw\floralens\Phragmites_australis\Phragmites_australis_2429556462_1.jpg,Phragmites australis,Unknown,floralens,2429556462.0,TRAIN,iNaturalist
C:\Users\USER\Downloads\files(4)\invasivelens\invasivelens\data_raw\floralens\Phragmites_australis\Phragmites_australis_1453547827_2.jpg,Phragmites australis,Unknown,floralens,1453547827.0,TRAIN,iNaturalist
C:\Users\USER\Downloads\files(4)\invasivelens\invasivelens\data_raw\floralens\Phragmites_australis\Phragmites_australis_1847541766_1.jpg,Phragmites australis,Unknown,floralens,1847541766.0,TRAIN,iNaturalist
C:\Users\USER\Downloads\files(4)\invasivelens\invasivelens\data_raw\floralens\Phragmites_australis\Phragmites_australis_2644051627_1.jpg,Phragmites australis,Unknown,floralens,2644051627.0,TRAIN,Pl@ntNet
C:\Users\USER\Downloads\files(4)\invasivelens\invasivelens\data_raw\floralens\Phragmites_australis\Phragmites_australis_2543064174_1.jpg,Phragmites australis,Unknown,floralens,2543064174.0,TRAIN,iNaturalist
C:\Users\USER\Downloads\files(4)\invasivelens\invasivelens\data_raw\floralens\Phragmites_australis\Phragmites_australis_2397463232_1.jpg,Phragmites australis,Unknown,floralens,2397463232.0,TRAIN,iNaturalist
C:\Users\USER\Downloads\files(4)\invasivelens\invasivelens\data_raw\floralens\Phragmites_australis\Phragmites_australis_2974638438_1.jpg,Phragmites australis,Unknown,floralens,2974638438.0,TRAIN,Pl@ntNet
C:\Users\USER\Downloads\files(4)\invasivelens\invasivelens\data_raw\floralens\Phragmites_australis\Phragmites_australis_2974588857_1.jpg,Phragmites australis,Unknown,floralens,2974588857.0,TRAIN,Pl@ntNet
C:\Users\USER\Downloads\files(4)\invasivelens\invasivelens\data_raw\floralens\Phragmites_australis\Phragmites_australis_2422945006_1.jpg,Phragmites australis,Unknown,floralens,2422945006.0,TRAIN,iNaturalist
C:\Users\USER\Downloads\files(4)\invasivelens\invasivelens\data_raw\floralens\Phragmites_australis\Phragmites_australis_2974568771_1.jpg,Phragmites australis,Unknown,floralens,2974568771.0,TRAIN,Pl@ntNet
C:\Users\USER\Downloads\files(4)\invasivelens\invasivelens\data_raw\floralens\Phragmites_australis\Phragmites_australis_1913685373_1.jpg,Phragmites australis,Unknown,floralens,1913685373.0,TRAIN,iNaturalist
C:\Users\USER\Downloads\files(4)\invasivelens\invasivelens\data_raw\floralens\Phragmites_australis\Phragmites_australis_2974300209_1.jpg,Phragmites australis,Unknown,floralens,2974300209.0,TRAIN,Pl@ntNet
C:\Users\USER\Downloads\files(4)\invasivelens\invasivelens\data_raw\floralens\Phragmites_australis\Phragmites_australis_2645592027_1.jpg,Phragmites australis,Unknown,floralens,2645592027.0,TRAIN,Pl@ntNet
C:\Users\USER\Downloads\files(4)\invasivelens\invasivelens\data_raw\floralens\Phragmites_australis\Phragmites_australis_1978436217_1.jpg,Phragmites australis,Unknown,floralens,1978436217.0,TRAIN,iNaturalist
C:\Users\USER\Downloads\files(4)\invasivelens\invasivelens\data_raw\floralens\Phragmites_australis\Phragmites_australis_2974416179_1.jpg,Phragmites australis,Unknown,floralens,2974416179.0,TRAIN,Pl@ntNet
C:\Users\USER\Downloads\files(4)\invasivelens\invasivelens\data_raw\floralens\Phragmites_australis\Phragmites_australis_1986524982_1.jpg,Phragmites australis,Unknown,floralens,1986524982.0,TRAIN,iNaturalist
C:\Users\USER\Downloads\files(4)\invasivelens\invasivelens\data_raw\floralens\Phragmites_australis\Phragmites_australis_2645427821_1.jpg,Phragmites australis,Unknown,floralens,2645427821.0,TRAIN,Pl@ntNet
C:\Users\USER\Downloads\files(4)\invasivelens\invasivelens\data_raw\floralens\Phragmites_australis\Phragmites_australis_2974381060_1.jpg,Phragmites australis,Unknown,floralens,2974381060.0,TRAIN,Pl@ntNet
C:\Users\USER\Downloads\files(4)\invasivelens\invasivelens\data_raw\floralens\Phragmites_australis\Phragmites_australis_1562935441_1.jpg,Phragmites australis,Unknown,floralens,1562935441.0,TRAIN,iNaturalist
C:\Users\USER\Downloads\files(4)\invasivelens\invasivelens\data_raw\floralens\Phragmites_australis\Phragmites_australis_2005297989_1.jpg,Phragmites australis,Unknown,floralens,2005297989.0,TRAIN,iNaturalist
C:\Users\USER\Downloads\files(4)\invasivelens\invasivelens\data_raw\floralens\Phragmites_australis\Phragmites_australis_2643990548_1.jpg,Phragmites australis,Unknown,floralens,2643990548.0,TRAIN,Pl@ntNet
C:\Users\USER\Downloads\files(4)\invasivelens\invasivelens\data_raw\floralens\Phragmites_australis\Phragmites_australis_2974581199_1.jpg,Phragmites australis,Unknown,floralens,2974581199.0,TRAIN,Pl@ntNet
C:\Users\USER\Downloads\files(4)\invasivelens\invasivelens\data_raw\floralens\Phragmites_australis\Phragmites_australis_2974444623_1.jpg,Phragmites australis,Unknown,floralens,2974444623.0,TRAIN,Pl@ntNet
C:\Users\USER\Downloads\files(4)\invasivelens\invasivelens\data_raw\floralens\Phragmites_australis\Phragmites_australis_1.jpg,Phragmites australis,Unknown,floralens,,TRAIN,FloraOn
C:\Users\USER\Downloads\files(4)\invasivelens\invasivelens\data_raw\floralens\Phragmites_australis\Phragmites_australis_1913665486_1.jpg,Phragmites australis,Unknown,floralens,1913665486.0,TRAIN,iNaturalist
C:\Users\USER\Downloads\files(4)\invasivelens\invasivelens\data_raw\floralens\Phragmites_australis\Phragmites_australis_2242953729_2.jpg,Phragmites australis,Unknown,floralens,2242953729.0,TRAIN,iNaturalist
C:\Users\USER\Downloads\files(4)\invasivelens\invasivelens\data_raw\floralens\Phragmites_australis\Phragmites_australis_2645452275_1.jpg,Phragmites australis,Unknown,floralens,2645452275.0,TRAIN,Pl@ntNet
C:\Users\USER\Downloads\files(4)\invasivelens\invasivelens\data_raw\floralens\Phragmites_australis\Phragmites_australis_2974587852_1.jpg,Phragmites australis,Unknown,floralens,2974587852.0,TRAIN,Pl@ntNet
C:\Users\USER\Downloads\files(4)\invasivelens\invasivelens\data_raw\floralens\Phragmites_australis\Phragmites_australis_1990638036_1.jpg,Phragmites australis,Unknown,floralens,1990638036.0,TRAIN,iNaturalist
C:\Users\USER\Downloads\files(4)\invasivelens\invasivelens\data_raw\floralens\Phragmites_australis\Phragmites_australis_2645739403_1.jpg,Phragmites australis,Unknown,floralens,2645739403.0,TRAIN,Pl@ntNet
C:\Users\USER\Downloads\files(4)\invasivelens\invasivelens\data_raw\floralens\Phragmites_australis\Phragmites_australis_2643870277_1.jpg,Phragmites australis,Unknown,floralens,2643870277.0,TRAIN,Pl@ntNet
C:\Users\USER\Downloads\files(4)\invasivelens\invasivelens\data_raw\floralens\Phragmites_australis\Phragmites_australis_2460128083_1.jpg,Phragmites australis,Unknown,floralens,2460128083.0,TRAIN,iNaturalist
C:\Users\USER\Downloads\files(4)\invasivelens\invasivelens\data_raw\floralens\Phragmites_australis\Phragmites_australis_1986561955_1.jpg,Phragmites australis,Unknown,floralens,1986561955.0,TRAIN,iNaturalist
C:\Users\USER\Downloads\files(4)\invasivelens\invasivelens\data_raw\floralens\Phragmites_australis\Phragmites_australis_1990442844_1.jpg,Phragmites australis,Unknown,floralens,1990442844.0,TRAIN,iNaturalist
C:\Users\USER\Downloads\files(4)\invasivelens\invasivelens\data_raw\floralens\Phragmites_australis\Phragmites_australis_1901090436_1.jpg,Phragmites australis,Unknown,floralens,1901090436.0,TRAIN,iNaturalist
C:\Users\USER\Downloads\files(4)\invasivelens\invasivelens\data_raw\floralens\Phragmites_australis\Phragmites_australis_1901089786_1.jpg,Phragmites australis,Unknown,floralens,1901089786.0,TRAIN,iNaturalist
C:\Users\USER\Downloads\files(4)\invasivelens\invasivelens\data_raw\floralens\Phragmites_australis\Phragmites_australis_1986524982_2.jpg,Phragmites australis,Unknown,floralens,1986524982.0,TRAIN,iNaturalist
C:\Users\USER\Downloads\files(4)\invasivelens\invasivelens\data_raw\floralens\Phragmites_australis\Phragmites_australis_2557760217_1.jpg,Phragmites australis,Unknown,floralens,2557760217.0,TRAIN,iNaturalist
C:\Users\USER\Downloads\files(4)\invasivelens\invasivelens\data_raw\floralens\Phragmites_australis\Phragmites_australis_2529282723_1.jpg,Phragmites australis,Unknown,floralens,2529282723.0,TRAIN,iNaturalist
C:\Users\USER\Downloads\files(4)\invasivelens\invasivelens\data_raw\floralens\Phragmites_australis\Phragmites_australis_2580092034_1.jpg,Phragmites australis,Unknown,floralens,2580092034.0,TRAIN,iNaturalist
C:\Users\USER\Downloads\files(4)\invasivelens\invasivelens\data_raw\floralens\Phragmites_australis\Phragmites_australis_2644493982_1.jpg,Phragmites australis,Unknown,floralens,2644493982.0,TRAIN,Pl@ntNet
C:\Users\USER\Downloads\files(4)\invasivelens\invasivelens\data_raw\floralens\Phragmites_australis\Phragmites_australis_6.jpg,Phragmites australis,Unknown,floralens,,TRAIN,FloraOn
C:\Users\USER\Downloads\files(4)\invasivelens\invasivelens\data_raw\floralens\Phragmites_australis\Phragmites_australis_2397531562_1.jpg,Phragmites australis,Unknown,floralens,2397531562.0,TRAIN,iNaturalist
C:\Users\USER\Downloads\files(4)\invasivelens\invasivelens\data_raw\floralens\Phragmites_australis\Phragmites_australis_2974430138_1.jpg,Phragmites australis,Unknown,floralens,2974430138.0,TRAIN,Pl@ntNet
C:\Users\USER\Downloads\files(4)\invasivelens\invasivelens\data_raw\floralens\Phragmites_australis\Phragmites_australis_2974564723_1.jpg,Phragmites australis,Unknown,floralens,2974564723.0,TRAIN,Pl@ntNet
C:\Users\USER\Downloads\files(4)\invasivelens\invasivelens\data_raw\floralens\Phragmites_australis\Phragmites_australis_2456503177_1.jpg,Phragmites australis,Unknown,floralens,2456503177.0,TRAIN,iNaturalist
C:\Users\USER\Downloads\files(4)\invasivelens\invasivelens\data_raw\floralens\Phragmites_australis\Phragmites_australis_1453069385_1.jpg,Phragmites australis,Unknown,floralens,1453069385.0,TRAIN,iNaturalist
C:\Users\USER\Downloads\files(4)\invasivelens\invasivelens\data_raw\floralens\Phragmites_australis\Phragmites_australis_1913665486_2.jpg,Phragmites australis,Unknown,floralens,1913665486.0,TRAIN,iNaturalist
C:\Users\USER\Downloads\files(4)\invasivelens\invasivelens\data_raw\floralens\Phragmites_australis\Phragmites_australis_2643507993_1.jpg,Phragmites australis,Unknown,floralens,2643507993.0,TRAIN,Pl@ntNet
C:\Users\USER\Downloads\files(4)\invasivelens\invasivelens\data_raw\floralens\Phragmites_australis\Phragmites_australis_2645595492_1.jpg,Phragmites australis,Unknown,floralens,2645595492.0,TRAIN,Pl@ntNet
C:\Users\USER\Downloads\files(4)\invasivelens\invasivelens\data_raw\floralens\Phragmites_australis\Phragmites_australis_2366132879_1.jpg,Phragmites australis,Unknown,floralens,2366132879.0,TRAIN,iNaturalist
C:\Users\USER\Downloads\files(4)\invasivelens\invasivelens\data_raw\floralens\Phragmites_australis\Phragmites_australis_2557805559_1.jpg,Phragmites australis,Unknown,floralens,2557805559.0,TRAIN,iNaturalist
C:\Users\USER\Downloads\files(4)\invasivelens\invasivelens\data_raw\floralens\Phragmites_australis\Phragmites_australis_1899764723_1.jpg,Phragmites australis,Unknown,floralens,1899764723.0,TRAIN,iNaturalist
C:\Users\USER\Downloads\files(4)\invasivelens\invasivelens\data_raw\floralens\Phragmites_australis\Phragmites_australis_2429250210_1.jpg,Phragmites australis,Unknown,floralens,2429250210.0,TRAIN,iNaturalist
C:\Users\USER\Downloads\files(4)\invasivelens\invasivelens\data_raw\floralens\Phragmites_australis\Phragmites_australis_2005363318_1.jpg,Phragmites australis,Unknown,floralens,2005363318.0,TRAIN,iNaturalist
C:\Users\USER\Downloads\files(4)\invasivelens\invasivelens\data_raw\floralens\Phragmites_australis\Phragmites_australis_2273225954_1.jpg,Phragmites australis,Unknown,floralens,2273225954.0,TRAIN,iNaturalist
C:\Users\USER\Downloads\files(4)\invasivelens\invasivelens\data_raw\floralens\Phragmites_australis\Phragmites_australis_2643580041_1.jpg,Phragmites australis,Unknown,floralens,2643580041.0,TRAIN,Pl@ntNet
C:\Users\USER\Downloads\files(4)\invasivelens\invasivelens\data_raw\floralens\Phragmites_australis\Phragmites_australis_1899764723_2.jpg,Phragmites australis,Unknown,floralens,1899764723.0,TRAIN,iNaturalist
C:\Users\USER\Downloads\files(4)\invasivelens\invasivelens\data_raw\floralens\Phragmites_australis\Phragmites_australis_1453069275_1.jpg,Phragmites australis,Unknown,floralens,1453069275.0,TRAIN,iNaturalist
C:\Users\USER\Downloads\files(4)\invasivelens\invasivelens\data_raw\floralens\Phragmites_australis\Phragmites_australis_2644150550_1.jpg,Phragmites australis,Unknown,floralens,2644150550.0,TRAIN,Pl@ntNet
C:\Users\USER\Downloads\files(4)\invasivelens\invasivelens\data_raw\floralens\Phragmites_australis\Phragmites_australis_2543084311_1.jpg,Phragmites australis,Unknown,floralens,2543084311.0,TRAIN,iNaturalist
C:\Users\USER\Downloads\files(4)\invasivelens\invasivelens\data_raw\floralens\Phragmites_australis\Phragmites_australis_1453547827_1.jpg,Phragmites australis,Unknown,floralens,1453547827.0,TRAIN,iNaturalist
C:\Users\USER\Downloads\files(4)\invasivelens\invasivelens\data_raw\floralens\Phragmites_australis\Phragmites_australis_1901090436_2.jpg,Phragmites australis,Unknown,floralens,1901090436.0,TRAIN,iNaturalist
C:\Users\USER\Downloads\files(4)\invasivelens\invasivelens\data_raw\floralens\Phragmites_australis\Phragmites_australis_2563461139_1.jpg,Phragmites australis,Unknown,floralens,2563461139.0,TRAIN,iNaturalist
C:\Users\USER\Downloads\files(4)\invasivelens\invasivelens\data_raw\floralens\Phragmites_australis\Phragmites_australis_2423063224_1.jpg,Phragmites australis,Unknown,floralens,2423063224.0,TRAIN,iNaturalist
C:\Users\USER\Downloads\files(4)\invasivelens\invasivelens\data_raw\floralens\Phragmites_australis\Phragmites_australis_1805395983_1.jpg,Phragmites australis,Unknown,floralens,1805395983.0,TRAIN,iNaturalist
C:\Users\USER\Downloads\files(4)\invasivelens\invasivelens\data_raw\floralens\Phragmites_australis\Phragmites_australis_2645438995_1.jpg,Phragmites australis,Unknown,floralens,2645438995.0,TRAIN,Pl@ntNet
C:\Users\USER\Downloads\files(4)\invasivelens\invasivelens\data_raw\floralens\Phragmites_australis\Phragmites_australis_2974397206_1.jpg,Phragmites australis,Unknown,floralens,2974397206.0,TRAIN,Pl@ntNet
C:\Users\USER\Downloads\files(4)\invasivelens\invasivelens\data_raw\floralens\Phragmites_australis\Phragmites_australis_2974604284_1.jpg,Phragmites australis,Unknown,floralens,2974604284.0,TRAIN,Pl@ntNet
C:\Users\USER\Downloads\files(4)\invasivelens\invasivelens\data_raw\floralens\Phragmites_australis\Phragmites_australis_2460059536_1.jpg,Phragmites australis,Unknown,floralens,2460059536.0,TRAIN,iNaturalist
C:\Users\USER\Downloads\files(4)\invasivelens\invasivelens\data_raw\floralens\Phragmites_australis\Phragmites_australis_2429576606_1.jpg,Phragmites australis,Unknown,floralens,2429576606.0,TRAIN,iNaturalist
C:\Users\USER\Downloads\files(4)\invasivelens\invasivelens\data_raw\floralens\Phragmites_australis\Phragmites_australis_2974453717_1.jpg,Phragmites australis,Unknown,floralens,2974453717.0,TRAIN,Pl@ntNet
C:\Users\USER\Downloads\files(4)\invasivelens\invasivelens\data_raw\floralens\Phragmites_australis\Phragmites_australis_2540816913_1.jpg,Phragmites australis,Unknown,floralens,2540816913.0,TRAIN,iNaturalist
C:\Users\USER\Downloads\files(4)\invasivelens\invasivelens\data_raw\floralens\Phragmites_australis\Phragmites_australis_2543065384_1.jpg,Phragmites australis,Unknown,floralens,2543065384.0,TRAIN,iNaturalist
C:\Users\USER\Downloads\files(4)\invasivelens\invasivelens\data_raw\floralens\Phragmites_australis\Phragmites_australis_2974423156_1.jpg,Phragmites australis,Unknown,floralens,2974423156.0,TRAIN,Pl@ntNet
C:\Users\USER\Downloads\files(4)\invasivelens\invasivelens\data_raw\floralens\Phragmites_australis\Phragmites_australis_2974494684_1.jpg,Phragmites australis,Unknown,floralens,2974494684.0,TRAIN,Pl@ntNet
C:\Users\USER\Downloads\files(4)\invasivelens\invasivelens\data_raw\floralens\Phragmites_australis\Phragmites_australis_2.jpg,Phragmites australis,Unknown,floralens,,TRAIN,FloraOn
C:\Users\USER\Downloads\files(4)\invasivelens\invasivelens\data_raw\floralens\Phragmites_australis\Phragmites_australis_2576505214_2.jpg,Phragmites australis,Unknown,floralens,2576505214.0,TRAIN,iNaturalist
C:\Users\USER\Downloads\files(4)\invasivelens\invasivelens\data_raw\floralens\Phragmites_australis\Phragmites_australis_2974429265_1.jpg,Phragmites australis,Unknown,floralens,2974429265.0,TRAIN,Pl@ntNet
C:\Users\USER\Downloads\files(4)\invasivelens\invasivelens\data_raw\floralens\Phragmites_australis\Phragmites_australis_2974401959_1.jpg,Phragmites australis,Unknown,floralens,2974401959.0,TRAIN,Pl@ntNet
C:\Users\USER\Downloads\files(4)\invasivelens\invasivelens\data_raw\floralens\Phragmites_australis\Phragmites_australis_1990559765_1.jpg,Phragmites australis,Unknown,floralens,1990559765.0,TRAIN,iNaturalist
C:\Users\USER\Downloads\files(4)\invasivelens\invasivelens\data_raw\floralens\Phragmites_australis\Phragmites_australis_2563605264_1.jpg,Phragmites australis,Unknown,floralens,2563605264.0,TRAIN,iNaturalist
C:\Users\USER\Downloads\files(4)\invasivelens\invasivelens\data_raw\floralens\Phragmites_australis\Phragmites_australis_2460021115_1.jpg,Phragmites australis,Unknown,floralens,2460021115.0,TRAIN,iNaturalist
C:\Users\USER\Downloads\files(4)\invasivelens\invasivelens\data_raw\floralens\Phragmites_australis\Phragmites_australis_2465261399_1.jpg,Phragmites australis,Unknown,floralens,2465261399.0,TRAIN,iNaturalist
C:\Users\USER\Downloads\files(4)\invasivelens\invasivelens\data_raw\floralens\Phragmites_australis\Phragmites_australis_2974614858_1.jpg,Phragmites australis,Unknown,floralens,2974614858.0,TRAIN,Pl@ntNet
C:\Users\USER\Downloads\files(4)\invasivelens\invasivelens\data_raw\floralens\Phragmites_australis\Phragmites_australis_2643894022_1.jpg,Phragmites australis,Unknown,floralens,2643894022.0,TRAIN,Pl@ntNet
C:\Users\USER\Downloads\files(4)\invasivelens\invasivelens\data_raw\floralens\Phragmites_australis\Phragmites_australis_2974635746_1.jpg,Phragmites australis,Unknown,floralens,2974635746.0,TRAIN,Pl@ntNet
C:\Users\USER\Downloads\files(4)\invasivelens\invasivelens\data_raw\floralens\Phragmites_australis\Phragmites_australis_1453338238_1.jpg,Phragmites australis,Unknown,floralens,1453338238.0,TRAIN,iNaturalist
C:\Users\USER\Downloads\files(4)\invasivelens\invasivelens\data_raw\floralens\Phragmites_australis\Phragmites_australis_1562930530_1.jpg,Phragmites australis,Unknown,floralens,1562930530.0,TRAIN,iNaturalist
C:\Users\USER\Downloads\files(4)\invasivelens\invasivelens\data_raw\floralens\Phragmites_australis\Phragmites_australis_1948765548_1.jpg,Phragmites australis,Unknown,floralens,1948765548.0,TRAIN,iNaturalist
C:\Users\USER\Downloads\files(4)\invasivelens\invasivelens\data_raw\floralens\Phragmites_australis\Phragmites_australis_2643985215_1.jpg,Phragmites australis,Unknown,floralens,2643985215.0,TRAIN,Pl@ntNet
C:\Users\USER\Downloads\files(4)\invasivelens\invasivelens\data_raw\floralens\Phragmites_australis\Phragmites_australis_3.jpg,Phragmites australis,Unknown,floralens,,TRAIN,FloraOn
C:\Users\USER\Downloads\files(4)\invasivelens\invasivelens\data_raw\floralens\Phragmites_australis\Phragmites_australis_2645502395_1.jpg,Phragmites australis,Unknown,floralens,2645502395.0,TRAIN,Pl@ntNet
C:\Users\USER\Downloads\files(4)\invasivelens\invasivelens\data_raw\floralens\Phragmites_australis\Phragmites_australis_2529292753_1.jpg,Phragmites australis,Unknown,floralens,2529292753.0,TRAIN,iNaturalist
C:\Users\USER\Downloads\files(4)\invasivelens\invasivelens\data_raw\floralens\Phragmites_australis\Phragmites_australis_1453068921_1.jpg,Phragmites australis,Unknown,floralens,1453068921.0,TRAIN,iNaturalist
C:\Users\USER\Downloads\files(4)\invasivelens\invasivelens\data_raw\floralens\Phragmites_australis\Phragmites_australis_1986524978_1.jpg,Phragmites australis,Unknown,floralens,1986524978.0,TRAIN,iNaturalist
C:\Users\USER\Downloads\files(4)\invasivelens\invasivelens\data_raw\floralens\Phragmites_australis\Phragmites_australis_2974641980_1.jpg,Phragmites australis,Unknown,floralens,2974641980.0,TRAIN,Pl@ntNet
C:\Users\USER\Downloads\files(4)\invasivelens\invasivelens\data_raw\floralens\Phragmites_australis\Phragmites_australis_2644078249_1.jpg,Phragmites australis,Unknown,floralens,2644078249.0,TRAIN,Pl@ntNet
C:\Users\USER\Downloads\files(4)\invasivelens\invasivelens\data_raw\floralens\Phragmites_australis\Phragmites_australis_1986597964_1.jpg,Phragmites australis,Unknown,floralens,1986597964.0,TRAIN,iNaturalist
C:\Users\USER\Downloads\files(4)\invasivelens\invasivelens\data_raw\floralens\Phragmites_australis\Phragmites_australis_2974445371_1.jpg,Phragmites australis,Unknown,floralens,2974445371.0,TRAIN,Pl@ntNet
C:\Users\USER\Downloads\files(4)\invasivelens\invasivelens\data_raw\floralens\Phragmites_australis\Phragmites_australis_2460050625_1.jpg,Phragmites australis,Unknown,floralens,2460050625.0,TRAIN,iNaturalist
C:\Users\USER\Downloads\files(4)\invasivelens\invasivelens\data_raw\floralens\Phragmites_australis\Phragmites_australis_2580179242_1.jpg,Phragmites australis,Unknown,floralens,2580179242.0,TRAIN,iNaturalist
C:\Users\USER\Downloads\files(4)\invasivelens\invasivelens\data_raw\floralens\Phragmites_australis\Phragmites_australis_1839204107_1.jpg,Phragmites australis,Unknown,floralens,1839204107.0,TRAIN,iNaturalist
C:\Users\USER\Downloads\files(4)\invasivelens\invasivelens\data_raw\floralens\Phragmites_australis\Phragmites_australis_2645205043_1.jpg,Phragmites australis,Unknown,floralens,2645205043.0,TRAIN,Pl@ntNet
C:\Users\USER\Downloads\files(4)\invasivelens\invasivelens\data_raw\floralens\Phragmites_australis\Phragmites_australis_2283083183_1.jpg,Phragmites australis,Unknown,floralens,2283083183.0,TRAIN,iNaturalist
C:\Users\USER\Downloads\files(4)\invasivelens\invasivelens\data_raw\floralens\Phragmites_australis\Phragmites_australis_2563575628_2.jpg,Phragmites australis,Unknown,floralens,2563575628.0,TRAIN,iNaturalist
C:\Users\USER\Downloads\files(4)\invasivelens\invasivelens\data_raw\floralens\Phragmites_australis\Phragmites_australis_2397466561_1.jpg,Phragmites australis,Unknown,floralens,2397466561.0,TRAIN,iNaturalist
C:\Users\USER\Downloads\files(4)\invasivelens\invasivelens\data_raw\floralens\Phragmites_australis\Phragmites_australis_2643526684_1.jpg,Phragmites australis,Unknown,floralens,2643526684.0,TRAIN,Pl@ntNet
C:\Users\USER\Downloads\files(4)\invasivelens\invasivelens\data_raw\floralens\Phragmites_australis\Phragmites_australis_2549983120_1.jpg,Phragmites australis,Unknown,floralens,2549983120.0,TRAIN,iNaturalist
C:\Users\USER\Downloads\files(4)\invasivelens\invasivelens\data_raw\floralens\Phragmites_australis\Phragmites_australis_2974493333_1.jpg,Phragmites australis,Unknown,floralens,2974493333.0,TRAIN,Pl@ntNet
C:\Users\USER\Downloads\files(4)\invasivelens\invasivelens\data_raw\floralens\Phragmites_australis\Phragmites_australis_2643869205_1.jpg,Phragmites australis,Unknown,floralens,2643869205.0,TRAIN,Pl@ntNet
C:\Users\USER\Downloads\files(4)\invasivelens\invasivelens\data_raw\floralens\Phragmites_australis\Phragmites_australis_5.jpg,Phragmites australis,Unknown,floralens,,TRAIN,FloraOn
C:\Users\USER\Downloads\files(4)\invasivelens\invasivelens\data_raw\floralens\Phragmites_australis\Phragmites_australis_2643654085_1.jpg,Phragmites australis,Unknown,floralens,2643654085.0,TRAIN,Pl@ntNet
C:\Users\USER\Downloads\files(4)\invasivelens\invasivelens\data_raw\floralens\Phragmites_australis\Phragmites_australis_2540816913_4.jpg,Phragmites australis,Unknown,floralens,2540816913.0,TRAIN,iNaturalist
C:\Users\USER\Downloads\files(4)\invasivelens\invasivelens\data_raw\floralens\Phragmites_australis\Phragmites_australis_2644742294_1.jpg,Phragmites australis,Unknown,floralens,2644742294.0,TRAIN,Pl@ntNet
C:\Users\USER\Downloads\files(4)\invasivelens\invasivelens\data_raw\floralens\Phragmites_australis\Phragmites_australis_2643976684_1.jpg,Phragmites australis,Unknown,floralens,2643976684.0,TRAIN,Pl@ntNet
C:\Users\USER\Downloads\files(4)\invasivelens\invasivelens\data_raw\floralens\Phragmites_australis\Phragmites_australis_2974343376_1.jpg,Phragmites australis,Unknown,floralens,2974343376.0,TRAIN,Pl@ntNet
C:\Users\USER\Downloads\files(4)\invasivelens\invasivelens\data_raw\floralens\Phragmites_australis\Phragmites_australis_1453073246_1.jpg,Phragmites australis,Unknown,floralens,1453073246.0,TRAIN,iNaturalist
C:\Users\USER\Downloads\files(4)\invasivelens\invasivelens\data_raw\floralens\Phragmites_australis\Phragmites_australis_1935597912_1.jpg,Phragmites australis,Unknown,floralens,1935597912.0,TRAIN,iNaturalist
C:\Users\USER\Downloads\files(4)\invasivelens\invasivelens\data_raw\floralens\Phragmites_australis\Phragmites_australis_1899764723_3.jpg,Phragmites australis,Unknown,floralens,1899764723.0,TRAIN,iNaturalist
C:\Users\USER\Downloads\files(4)\invasivelens\invasivelens\data_raw\floralens\Phragmites_australis\Phragmites_australis_2974599036_1.jpg,Phragmites australis,Unknown,floralens,2974599036.0,TRAIN,Pl@ntNet
C:\Users\USER\Downloads\files(4)\invasivelens\invasivelens\data_raw\floralens\Phragmites_australis\Phragmites_australis_2269265347_1.jpg,Phragmites australis,Unknown,floralens,2269265347.0,TRAIN,iNaturalist
C:\Users\USER\Downloads\files(4)\invasivelens\invasivelens\data_raw\floralens\Phragmites_australis\Phragmites_australis_2540816913_3.jpg,Phragmites australis,Unknown,floralens,2540816913.0,TRAIN,iNaturalist
C:\Users\USER\Downloads\files(4)\invasivelens\invasivelens\data_raw\floralens\Phragmites_australis\Phragmites_australis_2460025369_1.jpg,Phragmites australis,Unknown,floralens,2460025369.0,TRAIN,iNaturalist
C:\Users\USER\Downloads\files(4)\invasivelens\invasivelens\data_raw\floralens\Phragmites_australis\Phragmites_australis_2645591170_1.jpg,Phragmites australis,Unknown,floralens,2645591170.0,TRAIN,Pl@ntNet
C:\Users\USER\Downloads\files(4)\invasivelens\invasivelens\data_raw\floralens\Phragmites_australis\Phragmites_australis_1802758757_1.jpg,Phragmites australis,Unknown,floralens,1802758757.0,TRAIN,iNaturalist
C:\Users\USER\Downloads\files(4)\invasivelens\invasivelens\data_raw\floralens\Phragmites_australis\Phragmites_australis_2465259227_1.jpg,Phragmites australis,Unknown,floralens,2465259227.0,TRAIN,iNaturalist
C:\Users\USER\Downloads\files(4)\invasivelens\invasivelens\data_raw\floralens\Phragmites_australis\Phragmites_australis_2643518216_1.jpg,Phragmites australis,Unknown,floralens,2643518216.0,TRAIN,Pl@ntNet
C:\Users\USER\Downloads\files(4)\invasivelens\invasivelens\data_raw\floralens\Phragmites_australis\Phragmites_australis_1914226041_1.jpg,Phragmites australis,Unknown,floralens,1914226041.0,TRAIN,iNaturalist
C:\Users\USER\Downloads\files(4)\invasivelens\invasivelens\data_raw\floralens\Phragmites_australis\Phragmites_australis_2974653724_1.jpg,Phragmites australis,Unknown,floralens,2974653724.0,TRAIN,Pl@ntNet
C:\Users\USER\Downloads\files(4)\invasivelens\invasivelens\data_raw\floralens\Phragmites_australis\Phragmites_australis_1847541945_1.jpg,Phragmites australis,Unknown,floralens,1847541945.0,TRAIN,iNaturalist
C:\Users\USER\Downloads\files(4)\invasivelens\invasivelens\data_raw\floralens\Phragmites_australis\Phragmites_australis_2974435681_1.jpg,Phragmites australis,Unknown,floralens,2974435681.0,TRAIN,Pl@ntNet
C:\Users\USER\Downloads\files(4)\invasivelens\invasivelens\data_raw\floralens\Phragmites_australis\Phragmites_australis_2460116988_1.jpg,Phragmites australis,Unknown,floralens,2460116988.0,TRAIN,iNaturalist
C:\Users\USER\Downloads\files(4)\invasivelens\invasivelens\data_raw\floralens\Phragmites_australis\Phragmites_australis_2460050625_2.jpg,Phragmites australis,Unknown,floralens,2460050625.0,TRAIN,iNaturalist
C:\Users\USER\Downloads\files(4)\invasivelens\invasivelens\data_raw\floralens\Phragmites_australis\Phragmites_australis_2643773715_1.jpg,Phragmites australis,Unknown,floralens,2643773715.0,TRAIN,Pl@ntNet
C:\Users\USER\Downloads\files(4)\invasivelens\invasivelens\data_raw\floralens\Phragmites_australis\Phragmites_australis_7.jpg,Phragmites australis,Unknown,floralens,,TRAIN,FloraOn
C:\Users\USER\Downloads\files(4)\invasivelens\invasivelens\data_raw\floralens\Phragmites_australis\Phragmites_australis_2974400787_1.jpg,Phragmites australis,Unknown,floralens,2974400787.0,TRAIN,Pl@ntNet
C:\Users\USER\Downloads\files(4)\invasivelens\invasivelens\data_raw\floralens\Phragmites_australis\Phragmites_australis_1948761223_1.jpg,Phragmites australis,Unknown,floralens,1948761223.0,TRAIN,iNaturalist
C:\Users\USER\Downloads\files(4)\invasivelens\invasivelens\data_raw\floralens\Phragmites_australis\Phragmites_australis_2563575628_1.jpg,Phragmites australis,Unknown,floralens,2563575628.0,TRAIN,iNaturalist
C:\Users\USER\Downloads\files(4)\invasivelens\invasivelens\data_raw\floralens\Phragmites_australis\Phragmites_australis_2465180598_1.jpg,Phragmites australis,Unknown,floralens,2465180598.0,TRAIN,iNaturalist
C:\Users\USER\Downloads\files(4)\invasivelens\invasivelens\data_raw\floralens\Phragmites_australis\Phragmites_australis_1703230661_1.jpg,Phragmites australis,Unknown,floralens,1703230661.0,TRAIN,iNaturalist
C:\Users\USER\Downloads\files(4)\invasivelens\invasivelens\data_raw\floralens\Phragmites_australis\Phragmites_australis_2974475604_1.jpg,Phragmites australis,Unknown,floralens,2974475604.0,TRAIN,Pl@ntNet
C:\Users\USER\Downloads\files(4)\invasivelens\invasivelens\data_raw\floralens\Phragmites_australis\Phragmites_australis_1950018617_1.jpg,Phragmites australis,Unknown,floralens,1950018617.0,TRAIN,iNaturalist
C:\Users\USER\Downloads\files(4)\invasivelens\invasivelens\data_raw\floralens\Phragmites_australis\Phragmites_australis_2543084311_2.jpg,Phragmites australis,Unknown,floralens,2543084311.0,TRAIN,iNaturalist
C:\Users\USER\Downloads\files(4)\invasivelens\invasivelens\data_raw\floralens\Phragmites_australis\Phragmites_australis_1703164119_1.jpg,Phragmites australis,Unknown,floralens,1703164119.0,TRAIN,iNaturalist
C:\Users\USER\Downloads\files(4)\invasivelens\invasivelens\data_raw\floralens\Phragmites_australis\Phragmites_australis_1453073246_2.jpg,Phragmites australis,Unknown,floralens,1453073246.0,TRAIN,iNaturalist
C:\Users\USER\Downloads\files(4)\invasivelens\invasivelens\data_raw\floralens\Phragmites_australis\Phragmites_australis_1978461917_1.jpg,Phragmites australis,Unknown,floralens,1978461917.0,TRAIN,iNaturalist
C:\Users\USER\Downloads\files(4)\invasivelens\invasivelens\data_raw\floralens\Phragmites_australis\Phragmites_australis_2974449834_1.jpg,Phragmites australis,Unknown,floralens,2974449834.0,TRAIN,Pl@ntNet
C:\Users\USER\Downloads\files(4)\invasivelens\invasivelens\data_raw\floralens\Phragmites_australis\Phragmites_australis_1850955791_1.jpg,Phragmites australis,Unknown,floralens,1850955791.0,TRAIN,iNaturalist
C:\Users\USER\Downloads\files(4)\invasivelens\invasivelens\data_raw\floralens\Phragmites_australis\Phragmites_australis_2576505214_1.jpg,Phragmites australis,Unknown,floralens,2576505214.0,TRAIN,iNaturalist
C:\Users\USER\Downloads\files(4)\invasivelens\invasivelens\data_raw\floralens\Phragmites_australis\Phragmites_australis_2974605254_1.jpg,Phragmites australis,Unknown,floralens,2974605254.0,TRAIN,Pl@ntNet
C:\Users\USER\Downloads\files(4)\invasivelens\invasivelens\data_raw\floralens\Ammophila_arenaria\Ammophila_arenaria_1959651009_1.jpg,Ammophila arenaria,Unknown,floralens,1959651009.0,TEST,Observation.org
C:\Users\USER\Downloads\files(4)\invasivelens\invasivelens\data_raw\floralens\Ammophila_arenaria\Ammophila_arenaria_1965418594_1.jpg,Ammophila arenaria,Unknown,floralens,1965418594.0,TEST,Observation.org
C:\Users\USER\Downloads\files(4)\invasivelens\invasivelens\data_raw\floralens\Ammophila_arenaria\Ammophila_arenaria_1965917108_1.jpg,Ammophila arenaria,Unknown,floralens,1965917108.0,TEST,Observation.org
C:\Users\USER\Downloads\files(4)\invasivelens\invasivelens\data_raw\floralens\Ammophila_arenaria\Ammophila_arenaria_1958698130_1.jpg,Ammophila arenaria,Unknown,floralens,1958698130.0,TEST,Observation.org
C:\Users\USER\Downloads\files(4)\invasivelens\invasivelens\data_raw\floralens\Ammophila_arenaria\Ammophila_arenaria_2838611858_1.jpg,Ammophila arenaria,Unknown,floralens,2838611858.0,TEST,Observation.org
C:\Users\USER\Downloads\files(4)\invasivelens\invasivelens\data_raw\floralens\Ammophila_arenaria\Ammophila_arenaria_1973910500_1.jpg,Ammophila arenaria,Unknown,floralens,1973910500.0,TEST,Observation.org
C:\Users\USER\Downloads\files(4)\invasivelens\invasivelens\data_raw\floralens\Ammophila_arenaria\Ammophila_arenaria_2837470300_1.jpg,Ammophila arenaria,Unknown,floralens,2837470300.0,TEST,Observation.org
C:\Users\USER\Downloads\files(4)\invasivelens\invasivelens\data_raw\floralens\Ammophila_arenaria\Ammophila_arenaria_2836617222_1.jpg,Ammophila arenaria,Unknown,floralens,2836617222.0,TEST,Observation.org
C:\Users\USER\Downloads\files(4)\invasivelens\invasivelens\data_raw\floralens\Ammophila_arenaria\Ammophila_arenaria_2251956842_3.jpg,Ammophila arenaria,Unknown,floralens,2251956842.0,TEST,iNaturalist
C:\Users\USER\Downloads\files(4)\invasivelens\invasivelens\data_raw\floralens\Ammophila_arenaria\Ammophila_arenaria_2840399181_1.jpg,Ammophila arenaria,Unknown,floralens,2840399181.0,TEST,Observation.org
C:\Users\USER\Downloads\files(4)\invasivelens\invasivelens\data_raw\floralens\Ammophila_arenaria\Ammophila_arenaria_2843409278_1.jpg,Ammophila arenaria,Unknown,floralens,2843409278.0,TEST,Observation.org
C:\Users\USER\Downloads\files(4)\invasivelens\invasivelens\data_raw\floralens\Ammophila_arenaria\Ammophila_arenaria_2834748722_1.jpg,Ammophila arenaria,Unknown,floralens,2834748722.0,TEST,Observation.org
C:\Users\USER\Downloads\files(4)\invasivelens\invasivelens\data_raw\floralens\Ammophila_arenaria\Ammophila_arenaria_1954015185_1.jpg,Ammophila arenaria,Unknown,floralens,1954015185.0,TEST,Observation.org
C:\Users\USER\Downloads\files(4)\invasivelens\invasivelens\data_raw\floralens\Ammophila_arenaria\Ammophila_arenaria_1971508956_4.jpg,Ammophila arenaria,Unknown,floralens,1971508956.0,TEST,Observation.org
C:\Users\USER\Downloads\files(4)\invasivelens\invasivelens\data_raw\floralens\Ammophila_arenaria\Ammophila_arenaria_2543051935_1.jpg,Ammophila arenaria,Unknown,floralens,2543051935.0,TEST,iNaturalist
C:\Users\USER\Downloads\files(4)\invasivelens\invasivelens\data_raw\floralens\Ammophila_arenaria\Ammophila_arenaria_1899770823_2.jpg,Ammophila arenaria,Unknown,floralens,1899770823.0,TEST,iNaturalist
C:\Users\USER\Downloads\files(4)\invasivelens\invasivelens\data_raw\floralens\Ammophila_arenaria\Ammophila_arenaria_1969117248_1.jpg,Ammophila arenaria,Unknown,floralens,1969117248.0,TEST,Observation.org
C:\Users\USER\Downloads\files(4)\invasivelens\invasivelens\data_raw\floralens\Ammophila_arenaria\Ammophila_arenaria_2251956842_4.jpg,Ammophila arenaria,Unknown,floralens,2251956842.0,TEST,iNaturalist
C:\Users\USER\Downloads\files(4)\invasivelens\invasivelens\data_raw\floralens\Ammophila_arenaria\Ammophila_arenaria_2837970205_1.jpg,Ammophila arenaria,Unknown,floralens,2837970205.0,TEST,Observation.org
C:\Users\USER\Downloads\files(4)\invasivelens\invasivelens\data_raw\floralens\Ammophila_arenaria\Ammophila_arenaria_1952257618_1.jpg,Ammophila arenaria,Unknown,floralens,1952257618.0,TEST,Observation.org
C:\Users\USER\Downloads\files(4)\invasivelens\invasivelens\data_raw\floralens\Ammophila_arenaria\Ammophila_arenaria_1899770823_1.jpg,Ammophila arenaria,Unknown,floralens,1899770823.0,VALIDATION,iNaturalist
C:\Users\USER\Downloads\files(4)\invasivelens\invasivelens\data_raw\floralens\Ammophila_arenaria\Ammophila_arenaria_2832870080_1.jpg,Ammophila arenaria,Unknown,floralens,2832870080.0,VALIDATION,Observation.org
C:\Users\USER\Downloads\files(4)\invasivelens\invasivelens\data_raw\floralens\Ammophila_arenaria\Ammophila_arenaria_2839908765_2.jpg,Ammophila arenaria,Unknown,floralens,2839908765.0,VALIDATION,Observation.org
C:\Users\USER\Downloads\files(4)\invasivelens\invasivelens\data_raw\floralens\Ammophila_arenaria\Ammophila_arenaria_1975990626_2.jpg,Ammophila arenaria,Unknown,floralens,1975990626.0,VALIDATION,Observation.org
C:\Users\USER\Downloads\files(4)\invasivelens\invasivelens\data_raw\floralens\Ammophila_arenaria\Ammophila_arenaria_6.jpg,Ammophila arenaria,Unknown,floralens,,VALIDATION,FloraOn
C:\Users\USER\Downloads\files(4)\invasivelens\invasivelens\data_raw\floralens\Ammophila_arenaria\Ammophila_arenaria_2837682366_1.jpg,Ammophila arenaria,Unknown,floralens,2837682366.0,VALIDATION,Observation.org
C:\Users\USER\Downloads\files(4)\invasivelens\invasivelens\data_raw\floralens\Ammophila_arenaria\Ammophila_arenaria_2835989090_1.jpg,Ammophila arenaria,Unknown,floralens,2835989090.0,VALIDATION,Observation.org
C:\Users\USER\Downloads\files(4)\invasivelens\invasivelens\data_raw\floralens\Ammophila_arenaria\Ammophila_arenaria_2844765804_1.jpg,Ammophila arenaria,Unknown,floralens,2844765804.0,VALIDATION,Observation.org
C:\Users\USER\Downloads\files(4)\invasivelens\invasivelens\data_raw\floralens\Ammophila_arenaria\Ammophila_arenaria_1956562260_1.jpg,Ammophila arenaria,Unknown,floralens,1956562260.0,VALIDATION,Observation.org
C:\Users\USER\Downloads\files(4)\invasivelens\invasivelens\data_raw\floralens\Ammophila_arenaria\Ammophila_arenaria_1848803016_1.jpg,Ammophila arenaria,Unknown,floralens,1848803016.0,VALIDATION,iNaturalist
C:\Users\USER\Downloads\files(4)\invasivelens\invasivelens\data_raw\floralens\Ammophila_arenaria\Ammophila_arenaria_1971508956_2.jpg,Ammophila arenaria,Unknown,floralens,1971508956.0,VALIDATION,Observation.org
C:\Users\USER\Downloads\files(4)\invasivelens\invasivelens\data_raw\floralens\Ammophila_arenaria\Ammophila_arenaria_8.jpg,Ammophila arenaria,Unknown,floralens,,VALIDATION,FloraOn
C:\Users\USER\Downloads\files(4)\invasivelens\invasivelens\data_raw\floralens\Ammophila_arenaria\Ammophila_arenaria_1965628759_1.jpg,Ammophila arenaria,Unknown,floralens,1965628759.0,VALIDATION,Observation.org
C:\Users\USER\Downloads\files(4)\invasivelens\invasivelens\data_raw\floralens\Ammophila_arenaria\Ammophila_arenaria_2843741710_2.jpg,Ammophila arenaria,Unknown,floralens,2843741710.0,VALIDATION,Observation.org
C:\Users\USER\Downloads\files(4)\invasivelens\invasivelens\data_raw\floralens\Ammophila_arenaria\Ammophila_arenaria_2836462186_1.jpg,Ammophila arenaria,Unknown,floralens,2836462186.0,VALIDATION,Observation.org
C:\Users\USER\Downloads\files(4)\invasivelens\invasivelens\data_raw\floralens\Ammophila_arenaria\Ammophila_arenaria_2543040504_1.jpg,Ammophila arenaria,Unknown,floralens,2543040504.0,VALIDATION,iNaturalist
C:\Users\USER\Downloads\files(4)\invasivelens\invasivelens\data_raw\floralens\Ammophila_arenaria\Ammophila_arenaria_1962558355_1.jpg,Ammophila arenaria,Unknown,floralens,1962558355.0,VALIDATION,Observation.org
C:\Users\USER\Downloads\files(4)\invasivelens\invasivelens\data_raw\floralens\Ammophila_arenaria\Ammophila_arenaria_1973591757_1.jpg,Ammophila arenaria,Unknown,floralens,1973591757.0,VALIDATION,Observation.org
C:\Users\USER\Downloads\files(4)\invasivelens\invasivelens\data_raw\floralens\Ammophila_arenaria\Ammophila_arenaria_1957043811_1.jpg,Ammophila arenaria,Unknown,floralens,1957043811.0,VALIDATION,Observation.org
C:\Users\USER\Downloads\files(4)\invasivelens\invasivelens\data_raw\floralens\Ammophila_arenaria\Ammophila_arenaria_1952923203_1.jpg,Ammophila arenaria,Unknown,floralens,1952923203.0,VALIDATION,Observation.org
C:\Users\USER\Downloads\files(4)\invasivelens\invasivelens\data_raw\floralens\Ammophila_arenaria\Ammophila_arenaria_2842604155_1.jpg,Ammophila arenaria,Unknown,floralens,2842604155.0,TRAIN,Observation.org
C:\Users\USER\Downloads\files(4)\invasivelens\invasivelens\data_raw\floralens\Ammophila_arenaria\Ammophila_arenaria_1965560705_1.jpg,Ammophila arenaria,Unknown,floralens,1965560705.0,TRAIN,Observation.org
C:\Users\USER\Downloads\files(4)\invasivelens\invasivelens\data_raw\floralens\Ammophila_arenaria\Ammophila_arenaria_1964818735_1.jpg,Ammophila arenaria,Unknown,floralens,1964818735.0,TRAIN,Observation.org
C:\Users\USER\Downloads\files(4)\invasivelens\invasivelens\data_raw\floralens\Ammophila_arenaria\Ammophila_arenaria_1955059651_1.jpg,Ammophila arenaria,Unknown,floralens,1955059651.0,TRAIN,Observation.org
C:\Users\USER\Downloads\files(4)\invasivelens\invasivelens\data_raw\floralens\Ammophila_arenaria\Ammophila_arenaria_1957728796_1.jpg,Ammophila arenaria,Unknown,floralens,1957728796.0,TRAIN,Observation.org
C:\Users\USER\Downloads\files(4)\invasivelens\invasivelens\data_raw\floralens\Ammophila_arenaria\Ammophila_arenaria_1972712365_1.jpg,Ammophila arenaria,Unknown,floralens,1972712365.0,TRAIN,Observation.org
C:\Users\USER\Downloads\files(4)\invasivelens\invasivelens\data_raw\floralens\Ammophila_arenaria\Ammophila_arenaria_1965876423_1.jpg,Ammophila arenaria,Unknown,floralens,1965876423.0,TRAIN,Observation.org
C:\Users\USER\Downloads\files(4)\invasivelens\invasivelens\data_raw\floralens\Ammophila_arenaria\Ammophila_arenaria_1883911532_1.jpg,Ammophila arenaria,Unknown,floralens,1883911532.0,TRAIN,iNaturalist
C:\Users\USER\Downloads\files(4)\invasivelens\invasivelens\data_raw\floralens\Ammophila_arenaria\Ammophila_arenaria_2576295895_1.jpg,Ammophila arenaria,Unknown,floralens,2576295895.0,TRAIN,iNaturalist
C:\Users\USER\Downloads\files(4)\invasivelens\invasivelens\data_raw\floralens\Ammophila_arenaria\Ammophila_arenaria_2835800701_1.jpg,Ammophila arenaria,Unknown,floralens,2835800701.0,TRAIN,Observation.org
C:\Users\USER\Downloads\files(4)\invasivelens\invasivelens\data_raw\floralens\Ammophila_arenaria\Ammophila_arenaria_1975130463_3.jpg,Ammophila arenaria,Unknown,floralens,1975130463.0,TRAIN,Observation.org
C:\Users\USER\Downloads\files(4)\invasivelens\invasivelens\data_raw\floralens\Ammophila_arenaria\Ammophila_arenaria_1951300818_1.jpg,Ammophila arenaria,Unknown,floralens,1951300818.0,TRAIN,Observation.org
C:\Users\USER\Downloads\files(4)\invasivelens\invasivelens\data_raw\floralens\Ammophila_arenaria\Ammophila_arenaria_2842418810_1.jpg,Ammophila arenaria,Unknown,floralens,2842418810.0,TRAIN,Observation.org
C:\Users\USER\Downloads\files(4)\invasivelens\invasivelens\data_raw\floralens\Ammophila_arenaria\Ammophila_arenaria_2843741710_1.jpg,Ammophila arenaria,Unknown,floralens,2843741710.0,TRAIN,Observation.org
C:\Users\USER\Downloads\files(4)\invasivelens\invasivelens\data_raw\floralens\Ammophila_arenaria\Ammophila_arenaria_2836114740_1.jpg,Ammophila arenaria,Unknown,floralens,2836114740.0,TRAIN,Observation.org
C:\Users\USER\Downloads\files(4)\invasivelens\invasivelens\data_raw\floralens\Ammophila_arenaria\Ammophila_arenaria_1976149652_1.jpg,Ammophila arenaria,Unknown,floralens,1976149652.0,TRAIN,Observation.org
C:\Users\USER\Downloads\files(4)\invasivelens\invasivelens\data_raw\floralens\Ammophila_arenaria\Ammophila_arenaria_2.jpg,Ammophila arenaria,Unknown,floralens,,TRAIN,FloraOn
C:\Users\USER\Downloads\files(4)\invasivelens\invasivelens\data_raw\floralens\Ammophila_arenaria\Ammophila_arenaria_1913673495_1.jpg,Ammophila arenaria,Unknown,floralens,1913673495.0,TRAIN,iNaturalist
C:\Users\USER\Downloads\files(4)\invasivelens\invasivelens\data_raw\floralens\Ammophila_arenaria\Ammophila_arenaria_2836887763_2.jpg,Ammophila arenaria,Unknown,floralens,2836887763.0,TRAIN,Observation.org
C:\Users\USER\Downloads\files(4)\invasivelens\invasivelens\data_raw\floralens\Ammophila_arenaria\Ammophila_arenaria_1966189779_1.jpg,Ammophila arenaria,Unknown,floralens,1966189779.0,TRAIN,Observation.org
C:\Users\USER\Downloads\files(4)\invasivelens\invasivelens\data_raw\floralens\Ammophila_arenaria\Ammophila_arenaria_2841802037_1.jpg,Ammophila arenaria,Unknown,floralens,2841802037.0,TRAIN,Observation.org
C:\Users\USER\Downloads\files(4)\invasivelens\invasivelens\data_raw\floralens\Ammophila_arenaria\Ammophila_arenaria_1961418104_1.jpg,Ammophila arenaria,Unknown,floralens,1961418104.0,TRAIN,Observation.org
C:\Users\USER\Downloads\files(4)\invasivelens\invasivelens\data_raw\floralens\Ammophila_arenaria\Ammophila_arenaria_1954285961_1.jpg,Ammophila arenaria,Unknown,floralens,1954285961.0,TRAIN,Observation.org
C:\Users\USER\Downloads\files(4)\invasivelens\invasivelens\data_raw\floralens\Ammophila_arenaria\Ammophila_arenaria_1955000829_1.jpg,Ammophila arenaria,Unknown,floralens,1955000829.0,TRAIN,Observation.org
C:\Users\USER\Downloads\files(4)\invasivelens\invasivelens\data_raw\floralens\Ammophila_arenaria\Ammophila_arenaria_1971508956_3.jpg,Ammophila arenaria,Unknown,floralens,1971508956.0,TRAIN,Observation.org
C:\Users\USER\Downloads\files(4)\invasivelens\invasivelens\data_raw\floralens\Ammophila_arenaria\Ammophila_arenaria_1955059651_2.jpg,Ammophila arenaria,Unknown,floralens,1955059651.0,TRAIN,Observation.org
C:\Users\USER\Downloads\files(4)\invasivelens\invasivelens\data_raw\floralens\Ammophila_arenaria\Ammophila_arenaria_4.jpg,Ammophila arenaria,Unknown,floralens,,TRAIN,FloraOn
C:\Users\USER\Downloads\files(4)\invasivelens\invasivelens\data_raw\floralens\Ammophila_arenaria\Ammophila_arenaria_1972047225_1.jpg,Ammophila arenaria,Unknown,floralens,1972047225.0,TRAIN,Observation.org
C:\Users\USER\Downloads\files(4)\invasivelens\invasivelens\data_raw\floralens\Ammophila_arenaria\Ammophila_arenaria_1955472396_1.jpg,Ammophila arenaria,Unknown,floralens,1955472396.0,TRAIN,Observation.org
C:\Users\USER\Downloads\files(4)\invasivelens\invasivelens\data_raw\floralens\Ammophila_arenaria\Ammophila_arenaria_2845136940_1.jpg,Ammophila arenaria,Unknown,floralens,2845136940.0,TRAIN,Observation.org
C:\Users\USER\Downloads\files(4)\invasivelens\invasivelens\data_raw\floralens\Ammophila_arenaria\Ammophila_arenaria_2837682366_2.jpg,Ammophila arenaria,Unknown,floralens,2837682366.0,TRAIN,Observation.org
C:\Users\USER\Downloads\files(4)\invasivelens\invasivelens\data_raw\floralens\Ammophila_arenaria\Ammophila_arenaria_2836887763_1.jpg,Ammophila arenaria,Unknown,floralens,2836887763.0,TRAIN,Observation.org
C:\Users\USER\Downloads\files(4)\invasivelens\invasivelens\data_raw\floralens\Ammophila_arenaria\Ammophila_arenaria_2549992306_1.jpg,Ammophila arenaria,Unknown,floralens,2549992306.0,TRAIN,iNaturalist
C:\Users\USER\Downloads\files(4)\invasivelens\invasivelens\data_raw\floralens\Ammophila_arenaria\Ammophila_arenaria_1952753482_1.jpg,Ammophila arenaria,Unknown,floralens,1952753482.0,TRAIN,Observation.org
C:\Users\USER\Downloads\files(4)\invasivelens\invasivelens\data_raw\floralens\Ammophila_arenaria\Ammophila_arenaria_2841157652_1.jpg,Ammophila arenaria,Unknown,floralens,2841157652.0,TRAIN,Observation.org
C:\Users\USER\Downloads\files(4)\invasivelens\invasivelens\data_raw\floralens\Ammophila_arenaria\Ammophila_arenaria_1453069571_1.jpg,Ammophila arenaria,Unknown,floralens,1453069571.0,TRAIN,iNaturalist
C:\Users\USER\Downloads\files(4)\invasivelens\invasivelens\data_raw\floralens\Ammophila_arenaria\Ammophila_arenaria_1970651236_1.jpg,Ammophila arenaria,Unknown,floralens,1970651236.0,TRAIN,Observation.org
C:\Users\USER\Downloads\files(4)\invasivelens\invasivelens\data_raw\floralens\Ammophila_arenaria\Ammophila_arenaria_1957330416_2.jpg,Ammophila arenaria,Unknown,floralens,1957330416.0,TRAIN,Observation.org
C:\Users\USER\Downloads\files(4)\invasivelens\invasivelens\data_raw\floralens\Ammophila_arenaria\Ammophila_arenaria_1699397037_1.jpg,Ammophila arenaria,Unknown,floralens,1699397037.0,TRAIN,iNaturalist
C:\Users\USER\Downloads\files(4)\invasivelens\invasivelens\data_raw\floralens\Ammophila_arenaria\Ammophila_arenaria_1954764518_1.jpg,Ammophila arenaria,Unknown,floralens,1954764518.0,TRAIN,Observation.org
C:\Users\USER\Downloads\files(4)\invasivelens\invasivelens\data_raw\floralens\Ammophila_arenaria\Ammophila_arenaria_2839796248_1.jpg,Ammophila arenaria,Unknown,floralens,2839796248.0,TRAIN,Observation.org
C:\Users\USER\Downloads\files(4)\invasivelens\invasivelens\data_raw\floralens\Ammophila_arenaria\Ammophila_arenaria_1975479135_1.jpg,Ammophila arenaria,Unknown,floralens,1975479135.0,TRAIN,Observation.org
C:\Users\USER\Downloads\files(4)\invasivelens\invasivelens\data_raw\floralens\Ammophila_arenaria\Ammophila_arenaria_2839871959_1.jpg,Ammophila arenaria,Unknown,floralens,2839871959.0,TRAIN,Observation.org
C:\Users\USER\Downloads\files(4)\invasivelens\invasivelens\data_raw\floralens\Ammophila_arenaria\Ammophila_arenaria_1965225870_1.jpg,Ammophila arenaria,Unknown,floralens,1965225870.0,TRAIN,Observation.org
C:\Users\USER\Downloads\files(4)\invasivelens\invasivelens\data_raw\floralens\Ammophila_arenaria\Ammophila_arenaria_1952702109_1.jpg,Ammophila arenaria,Unknown,floralens,1952702109.0,TRAIN,Observation.org
C:\Users\USER\Downloads\files(4)\invasivelens\invasivelens\data_raw\floralens\Ammophila_arenaria\Ammophila_arenaria_1978462958_2.jpg,Ammophila arenaria,Unknown,floralens,1978462958.0,TRAIN,iNaturalist
C:\Users\USER\Downloads\files(4)\invasivelens\invasivelens\data_raw\floralens\Ammophila_arenaria\Ammophila_arenaria_2837839984_1.jpg,Ammophila arenaria,Unknown,floralens,2837839984.0,TRAIN,Observation.org
C:\Users\USER\Downloads\files(4)\invasivelens\invasivelens\data_raw\floralens\Ammophila_arenaria\Ammophila_arenaria_2251956842_1.jpg,Ammophila arenaria,Unknown,floralens,2251956842.0,TRAIN,iNaturalist
C:\Users\USER\Downloads\files(4)\invasivelens\invasivelens\data_raw\floralens\Ammophila_arenaria\Ammophila_arenaria_2834662267_1.jpg,Ammophila arenaria,Unknown,floralens,2834662267.0,TRAIN,Observation.org
C:\Users\USER\Downloads\files(4)\invasivelens\invasivelens\data_raw\floralens\Ammophila_arenaria\Ammophila_arenaria_1972369718_1.jpg,Ammophila arenaria,Unknown,floralens,1972369718.0,TRAIN,Observation.org
C:\Users\USER\Downloads\files(4)\invasivelens\invasivelens\data_raw\floralens\Ammophila_arenaria\Ammophila_arenaria_2837912457_1.jpg,Ammophila arenaria,Unknown,floralens,2837912457.0,TRAIN,Observation.org
C:\Users\USER\Downloads\files(4)\invasivelens\invasivelens\data_raw\floralens\Ammophila_arenaria\Ammophila_arenaria_2834437868_1.jpg,Ammophila arenaria,Unknown,floralens,2834437868.0,TRAIN,Observation.org
C:\Users\USER\Downloads\files(4)\invasivelens\invasivelens\data_raw\floralens\Ammophila_arenaria\Ammophila_arenaria_1975130463_2.jpg,Ammophila arenaria,Unknown,floralens,1975130463.0,TRAIN,Observation.org
C:\Users\USER\Downloads\files(4)\invasivelens\invasivelens\data_raw\floralens\Ammophila_arenaria\Ammophila_arenaria_1972165804_1.jpg,Ammophila arenaria,Unknown,floralens,1972165804.0,TRAIN,Observation.org
C:\Users\USER\Downloads\files(4)\invasivelens\invasivelens\data_raw\floralens\Ammophila_arenaria\Ammophila_arenaria_2840514756_1.jpg,Ammophila arenaria,Unknown,floralens,2840514756.0,TRAIN,Observation.org
C:\Users\USER\Downloads\files(4)\invasivelens\invasivelens\data_raw\floralens\Ammophila_arenaria\Ammophila_arenaria_2833844295_1.jpg,Ammophila arenaria,Unknown,floralens,2833844295.0,TRAIN,Observation.org
C:\Users\USER\Downloads\files(4)\invasivelens\invasivelens\data_raw\floralens\Ammophila_arenaria\Ammophila_arenaria_2840118011_1.jpg,Ammophila arenaria,Unknown,floralens,2840118011.0,TRAIN,Observation.org
C:\Users\USER\Downloads\files(4)\invasivelens\invasivelens\data_raw\floralens\Ammophila_arenaria\Ammophila_arenaria_2834759912_1.jpg,Ammophila arenaria,Unknown,floralens,2834759912.0,TRAIN,Observation.org
C:\Users\USER\Downloads\files(4)\invasivelens\invasivelens\data_raw\floralens\Ammophila_arenaria\Ammophila_arenaria_2445016531_1.jpg,Ammophila arenaria,Unknown,floralens,2445016531.0,TRAIN,iNaturalist
C:\Users\USER\Downloads\files(4)\invasivelens\invasivelens\data_raw\floralens\Ammophila_arenaria\Ammophila_arenaria_2839674654_1.jpg,Ammophila arenaria,Unknown,floralens,2839674654.0,TRAIN,Observation.org
C:\Users\USER\Downloads\files(4)\invasivelens\invasivelens\data_raw\floralens\Ammophila_arenaria\Ammophila_arenaria_2252040433_1.jpg,Ammophila arenaria,Unknown,floralens,2252040433.0,TRAIN,iNaturalist
C:\Users\USER\Downloads\files(4)\invasivelens\invasivelens\data_raw\floralens\Ammophila_arenaria\Ammophila_arenaria_1955411003_1.jpg,Ammophila arenaria,Unknown,floralens,1955411003.0,TRAIN,Observation.org
C:\Users\USER\Downloads\files(4)\invasivelens\invasivelens\data_raw\floralens\Ammophila_arenaria\Ammophila_arenaria_1957421835_1.jpg,Ammophila arenaria,Unknown,floralens,1957421835.0,TRAIN,Observation.org
C:\Users\USER\Downloads\files(4)\invasivelens\invasivelens\data_raw\floralens\Ammophila_arenaria\Ammophila_arenaria_1965418594_2.jpg,Ammophila arenaria,Unknown,floralens,1965418594.0,TRAIN,Observation.org
C:\Users\USER\Downloads\files(4)\invasivelens\invasivelens\data_raw\floralens\Ammophila_arenaria\Ammophila_arenaria_2845434854_1.jpg,Ammophila arenaria,Unknown,floralens,2845434854.0,TRAIN,Observation.org
C:\Users\USER\Downloads\files(4)\invasivelens\invasivelens\data_raw\floralens\Ammophila_arenaria\Ammophila_arenaria_2833346163_1.jpg,Ammophila arenaria,Unknown,floralens,2833346163.0,TRAIN,Observation.org
C:\Users\USER\Downloads\files(4)\invasivelens\invasivelens\data_raw\floralens\Ammophila_arenaria\Ammophila_arenaria_1971508956_1.jpg,Ammophila arenaria,Unknown,floralens,1971508956.0,TRAIN,Observation.org
C:\Users\USER\Downloads\files(4)\invasivelens\invasivelens\data_raw\floralens\Ammophila_arenaria\Ammophila_arenaria_1952923203_2.jpg,Ammophila arenaria,Unknown,floralens,1952923203.0,TRAIN,Observation.org
C:\Users\USER\Downloads\files(4)\invasivelens\invasivelens\data_raw\floralens\Ammophila_arenaria\Ammophila_arenaria_2837397246_1.jpg,Ammophila arenaria,Unknown,floralens,2837397246.0,TRAIN,Observation.org
C:\Users\USER\Downloads\files(4)\invasivelens\invasivelens\data_raw\floralens\Ammophila_arenaria\Ammophila_arenaria_1957728796_2.jpg,Ammophila arenaria,Unknown,floralens,1957728796.0,TRAIN,Observation.org
C:\Users\USER\Downloads\files(4)\invasivelens\invasivelens\data_raw\floralens\Ammophila_arenaria\Ammophila_arenaria_1978471548_1.jpg,Ammophila arenaria,Unknown,floralens,1978471548.0,TRAIN,iNaturalist
C:\Users\USER\Downloads\files(4)\invasivelens\invasivelens\data_raw\floralens\Ammophila_arenaria\Ammophila_arenaria_2841939214_1.jpg,Ammophila arenaria,Unknown,floralens,2841939214.0,TRAIN,Observation.org
C:\Users\USER\Downloads\files(4)\invasivelens\invasivelens\data_raw\floralens\Ammophila_arenaria\Ammophila_arenaria_2844902468_1.jpg,Ammophila arenaria,Unknown,floralens,2844902468.0,TRAIN,Observation.org
C:\Users\USER\Downloads\files(4)\invasivelens\invasivelens\data_raw\floralens\Ammophila_arenaria\Ammophila_arenaria_2836775659_1.jpg,Ammophila arenaria,Unknown,floralens,2836775659.0,TRAIN,Observation.org
C:\Users\USER\Downloads\files(4)\invasivelens\invasivelens\data_raw\floralens\Ammophila_arenaria\Ammophila_arenaria_1975130463_1.jpg,Ammophila arenaria,Unknown,floralens,1975130463.0,TRAIN,Observation.org
C:\Users\USER\Downloads\files(4)\invasivelens\invasivelens\data_raw\floralens\Ammophila_arenaria\Ammophila_arenaria_7.jpg,Ammophila arenaria,Unknown,floralens,,TRAIN,FloraOn
C:\Users\USER\Downloads\files(4)\invasivelens\invasivelens\data_raw\floralens\Ammophila_arenaria\Ammophila_arenaria_1802600867_1.jpg,Ammophila arenaria,Unknown,floralens,1802600867.0,TRAIN,iNaturalist
C:\Users\USER\Downloads\files(4)\invasivelens\invasivelens\data_raw\floralens\Ammophila_arenaria\Ammophila_arenaria_1880602750_1.jpg,Ammophila arenaria,Unknown,floralens,1880602750.0,TRAIN,iNaturalist
C:\Users\USER\Downloads\files(4)\invasivelens\invasivelens\data_raw\floralens\Ammophila_arenaria\Ammophila_arenaria_2835874381_1.jpg,Ammophila arenaria,Unknown,floralens,2835874381.0,TRAIN,Observation.org
C:\Users\USER\Downloads\files(4)\invasivelens\invasivelens\data_raw\floralens\Ammophila_arenaria\Ammophila_arenaria_1965092917_1.jpg,Ammophila arenaria,Unknown,floralens,1965092917.0,TRAIN,Observation.org
C:\Users\USER\Downloads\files(4)\invasivelens\invasivelens\data_raw\floralens\Ammophila_arenaria\Ammophila_arenaria_1969850279_1.jpg,Ammophila arenaria,Unknown,floralens,1969850279.0,TRAIN,Observation.org
C:\Users\USER\Downloads\files(4)\invasivelens\invasivelens\data_raw\floralens\Ammophila_arenaria\Ammophila_arenaria_2311316509_1.jpg,Ammophila arenaria,Unknown,floralens,2311316509.0,TRAIN,iNaturalist
C:\Users\USER\Downloads\files(4)\invasivelens\invasivelens\data_raw\floralens\Ammophila_arenaria\Ammophila_arenaria_2836020998_1.jpg,Ammophila arenaria,Unknown,floralens,2836020998.0,TRAIN,Observation.org
C:\Users\USER\Downloads\files(4)\invasivelens\invasivelens\data_raw\floralens\Ammophila_arenaria\Ammophila_arenaria_2843756015_1.jpg,Ammophila arenaria,Unknown,floralens,2843756015.0,TRAIN,Observation.org
C:\Users\USER\Downloads\files(4)\invasivelens\invasivelens\data_raw\floralens\Ammophila_arenaria\Ammophila_arenaria_2834891032_1.jpg,Ammophila arenaria,Unknown,floralens,2834891032.0,TRAIN,Observation.org
C:\Users\USER\Downloads\files(4)\invasivelens\invasivelens\data_raw\floralens\Ammophila_arenaria\Ammophila_arenaria_2832162732_1.jpg,Ammophila arenaria,Unknown,floralens,2832162732.0,TRAIN,Observation.org
C:\Users\USER\Downloads\files(4)\invasivelens\invasivelens\data_raw\floralens\Ammophila_arenaria\Ammophila_arenaria_2840236115_1.jpg,Ammophila arenaria,Unknown,floralens,2840236115.0,TRAIN,Observation.org
C:\Users\USER\Downloads\files(4)\invasivelens\invasivelens\data_raw\floralens\Ammophila_arenaria\Ammophila_arenaria_2350303258_1.jpg,Ammophila arenaria,Unknown,floralens,2350303258.0,TRAIN,iNaturalist
C:\Users\USER\Downloads\files(4)\invasivelens\invasivelens\data_raw\floralens\Ammophila_arenaria\Ammophila_arenaria_1952222599_1.jpg,Ammophila arenaria,Unknown,floralens,1952222599.0,TRAIN,Observation.org
C:\Users\USER\Downloads\files(4)\invasivelens\invasivelens\data_raw\floralens\Ammophila_arenaria\Ammophila_arenaria_1971937711_1.jpg,Ammophila arenaria,Unknown,floralens,1971937711.0,TRAIN,Observation.org
C:\Users\USER\Downloads\files(4)\invasivelens\invasivelens\data_raw\floralens\Ammophila_arenaria\Ammophila_arenaria_2839364265_1.jpg,Ammophila arenaria,Unknown,floralens,2839364265.0,TRAIN,Observation.org
C:\Users\USER\Downloads\files(4)\invasivelens\invasivelens\data_raw\floralens\Ammophila_arenaria\Ammophila_arenaria_1972375758_1.jpg,Ammophila arenaria,Unknown,floralens,1972375758.0,TRAIN,Observation.org
C:\Users\USER\Downloads\files(4)\invasivelens\invasivelens\data_raw\floralens\Ammophila_arenaria\Ammophila_arenaria_2269263885_1.jpg,Ammophila arenaria,Unknown,floralens,2269263885.0,TRAIN,iNaturalist
C:\Users\USER\Downloads\files(4)\invasivelens\invasivelens\data_raw\floralens\Ammophila_arenaria\Ammophila_arenaria_2836114740_2.jpg,Ammophila arenaria,Unknown,floralens,2836114740.0,TRAIN,Observation.org
C:\Users\USER\Downloads\files(4)\invasivelens\invasivelens\data_raw\floralens\Ammophila_arenaria\Ammophila_arenaria_1951423873_1.jpg,Ammophila arenaria,Unknown,floralens,1951423873.0,TRAIN,Observation.org
C:\Users\USER\Downloads\files(4)\invasivelens\invasivelens\data_raw\floralens\Ammophila_arenaria\Ammophila_arenaria_1966209409_1.jpg,Ammophila arenaria,Unknown,floralens,1966209409.0,TRAIN,Observation.org
C:\Users\USER\Downloads\files(4)\invasivelens\invasivelens\data_raw\floralens\Ammophila_arenaria\Ammophila_arenaria_2838567446_1.jpg,Ammophila arenaria,Unknown,floralens,2838567446.0,TRAIN,Observation.org
C:\Users\USER\Downloads\files(4)\invasivelens\invasivelens\data_raw\floralens\Ammophila_arenaria\Ammophila_arenaria_1969850799_1.jpg,Ammophila arenaria,Unknown,floralens,1969850799.0,TRAIN,Observation.org
C:\Users\USER\Downloads\files(4)\invasivelens\invasivelens\data_raw\floralens\Ammophila_arenaria\Ammophila_arenaria_1965092917_2.jpg,Ammophila arenaria,Unknown,floralens,1965092917.0,TRAIN,Observation.org
C:\Users\USER\Downloads\files(4)\invasivelens\invasivelens\data_raw\floralens\Ammophila_arenaria\Ammophila_arenaria_5.jpg,Ammophila arenaria,Unknown,floralens,,TRAIN,FloraOn
C:\Users\USER\Downloads\files(4)\invasivelens\invasivelens\data_raw\floralens\Ammophila_arenaria\Ammophila_arenaria_2840430048_1.jpg,Ammophila arenaria,Unknown,floralens,2840430048.0,TRAIN,Observation.org
C:\Users\USER\Downloads\files(4)\invasivelens\invasivelens\data_raw\floralens\Ammophila_arenaria\Ammophila_arenaria_2838299171_1.jpg,Ammophila arenaria,Unknown,floralens,2838299171.0,TRAIN,Observation.org
C:\Users\USER\Downloads\files(4)\invasivelens\invasivelens\data_raw\floralens\Ammophila_arenaria\Ammophila_arenaria_2835764991_1.jpg,Ammophila arenaria,Unknown,floralens,2835764991.0,TRAIN,Observation.org
C:\Users\USER\Downloads\files(4)\invasivelens\invasivelens\data_raw\floralens\Ammophila_arenaria\Ammophila_arenaria_2844635168_1.jpg,Ammophila arenaria,Unknown,floralens,2844635168.0,TRAIN,Observation.org
C:\Users\USER\Downloads\files(4)\invasivelens\invasivelens\data_raw\floralens\Ammophila_arenaria\Ammophila_arenaria_1968792597_1.jpg,Ammophila arenaria,Unknown,floralens,1968792597.0,TRAIN,Observation.org
C:\Users\USER\Downloads\files(4)\invasivelens\invasivelens\data_raw\floralens\Ammophila_arenaria\Ammophila_arenaria_1971508956_5.jpg,Ammophila arenaria,Unknown,floralens,1971508956.0,TRAIN,Observation.org
C:\Users\USER\Downloads\files(4)\invasivelens\invasivelens\data_raw\floralens\Ammophila_arenaria\Ammophila_arenaria_2832357734_2.jpg,Ammophila arenaria,Unknown,floralens,2832357734.0,TRAIN,Observation.org
C:\Users\USER\Downloads\files(4)\invasivelens\invasivelens\data_raw\floralens\Ammophila_arenaria\Ammophila_arenaria_1957330416_1.jpg,Ammophila arenaria,Unknown,floralens,1957330416.0,TRAIN,Observation.org
C:\Users\USER\Downloads\files(4)\invasivelens\invasivelens\data_raw\floralens\Ammophila_arenaria\Ammophila_arenaria_1964646507_1.jpg,Ammophila arenaria,Unknown,floralens,1964646507.0,TRAIN,Observation.org
C:\Users\USER\Downloads\files(4)\invasivelens\invasivelens\data_raw\floralens\Ammophila_arenaria\Ammophila_arenaria_1976157874_1.jpg,Ammophila arenaria,Unknown,floralens,1976157874.0,TRAIN,Observation.org
C:\Users\USER\Downloads\files(4)\invasivelens\invasivelens\data_raw\floralens\Ammophila_arenaria\Ammophila_arenaria_1957824945_1.jpg,Ammophila arenaria,Unknown,floralens,1957824945.0,TRAIN,Observation.org
C:\Users\USER\Downloads\files(4)\invasivelens\invasivelens\data_raw\floralens\Ammophila_arenaria\Ammophila_arenaria_1968019653_1.jpg,Ammophila arenaria,Unknown,floralens,1968019653.0,TRAIN,Observation.org
C:\Users\USER\Downloads\files(4)\invasivelens\invasivelens\data_raw\floralens\Ammophila_arenaria\Ammophila_arenaria_1974890564_1.jpg,Ammophila arenaria,Unknown,floralens,1974890564.0,TRAIN,Observation.org
C:\Users\USER\Downloads\files(4)\invasivelens\invasivelens\data_raw\floralens\Ammophila_arenaria\Ammophila_arenaria_1968921736_1.jpg,Ammophila arenaria,Unknown,floralens,1968921736.0,TRAIN,Observation.org
C:\Users\USER\Downloads\files(4)\invasivelens\invasivelens\data_raw\floralens\Ammophila_arenaria\Ammophila_arenaria_1964471624_1.jpg,Ammophila arenaria,Unknown,floralens,1964471624.0,TRAIN,Observation.org
C:\Users\USER\Downloads\files(4)\invasivelens\invasivelens\data_raw\floralens\Ammophila_arenaria\Ammophila_arenaria_2013692060_1.jpg,Ammophila arenaria,Unknown,floralens,2013692060.0,TRAIN,iNaturalist
C:\Users\USER\Downloads\files(4)\invasivelens\invasivelens\data_raw\floralens\Ammophila_arenaria\Ammophila_arenaria_1975990626_1.jpg,Ammophila arenaria,Unknown,floralens,1975990626.0,TRAIN,Observation.org
C:\Users\USER\Downloads\files(4)\invasivelens\invasivelens\data_raw\floralens\Ammophila_arenaria\Ammophila_arenaria_1978462958_1.jpg,Ammophila arenaria,Unknown,floralens,1978462958.0,TRAIN,iNaturalist
C:\Users\USER\Downloads\files(4)\invasivelens\invasivelens\data_raw\floralens\Ammophila_arenaria\Ammophila_arenaria_2839908765_1.jpg,Ammophila arenaria,Unknown,floralens,2839908765.0,TRAIN,Observation.org
C:\Users\USER\Downloads\files(4)\invasivelens\invasivelens\data_raw\floralens\Ammophila_arenaria\Ammophila_arenaria_2842127479_1.jpg,Ammophila arenaria,Unknown,floralens,2842127479.0,TRAIN,Observation.org
C:\Users\USER\Downloads\files(4)\invasivelens\invasivelens\data_raw\floralens\Ammophila_arenaria\Ammophila_arenaria_3.jpg,Ammophila arenaria,Unknown,floralens,,TRAIN,FloraOn
C:\Users\USER\Downloads\files(4)\invasivelens\invasivelens\data_raw\floralens\Ammophila_arenaria\Ammophila_arenaria_2841952727_1.jpg,Ammophila arenaria,Unknown,floralens,2841952727.0,TRAIN,Observation.org
C:\Users\USER\Downloads\files(4)\invasivelens\invasivelens\data_raw\floralens\Ammophila_arenaria\Ammophila_arenaria_1955059651_3.jpg,Ammophila arenaria,Unknown,floralens,1955059651.0,TRAIN,Observation.org
C:\Users\USER\Downloads\files(4)\invasivelens\invasivelens\data_raw\floralens\Ammophila_arenaria\Ammophila_arenaria_1969176520_1.jpg,Ammophila arenaria,Unknown,floralens,1969176520.0,TRAIN,Observation.org
C:\Users\USER\Downloads\files(4)\invasivelens\invasivelens\data_raw\floralens\Ammophila_arenaria\Ammophila_arenaria_2839796248_2.jpg,Ammophila arenaria,Unknown,floralens,2839796248.0,TRAIN,Observation.org
C:\Users\USER\Downloads\files(4)\invasivelens\invasivelens\data_raw\floralens\Ammophila_arenaria\Ammophila_arenaria_1972879043_1.jpg,Ammophila arenaria,Unknown,floralens,1972879043.0,TRAIN,Observation.org
C:\Users\USER\Downloads\files(4)\invasivelens\invasivelens\data_raw\floralens\Ammophila_arenaria\Ammophila_arenaria_1890668514_1.jpg,Ammophila arenaria,Unknown,floralens,1890668514.0,TRAIN,iNaturalist
C:\Users\USER\Downloads\files(4)\invasivelens\invasivelens\data_raw\floralens\Ammophila_arenaria\Ammophila_arenaria_2843756015_2.jpg,Ammophila arenaria,Unknown,floralens,2843756015.0,TRAIN,Observation.org
C:\Users\USER\Downloads\files(4)\invasivelens\invasivelens\data_raw\floralens\Ammophila_arenaria\Ammophila_arenaria_1966195640_1.jpg,Ammophila arenaria,Unknown,floralens,1966195640.0,TRAIN,Observation.org
C:\Users\USER\Downloads\files(4)\invasivelens\invasivelens\data_raw\floralens\Ammophila_arenaria\Ammophila_arenaria_2845180280_1.jpg,Ammophila arenaria,Unknown,floralens,2845180280.0,TRAIN,Observation.org
C:\Users\USER\Downloads\files(4)\invasivelens\invasivelens\data_raw\floralens\Ammophila_arenaria\Ammophila_arenaria_1952087015_1.jpg,Ammophila arenaria,Unknown,floralens,1952087015.0,TRAIN,Observation.org
C:\Users\USER\Downloads\files(4)\invasivelens\invasivelens\data_raw\floralens\Ammophila_arenaria\Ammophila_arenaria_2251956842_2.jpg,Ammophila arenaria,Unknown,floralens,2251956842.0,TRAIN,iNaturalist
C:\Users\USER\Downloads\files(4)\invasivelens\invasivelens\data_raw\floralens\Ammophila_arenaria\Ammophila_arenaria_2841331762_1.jpg,Ammophila arenaria,Unknown,floralens,2841331762.0,TRAIN,Observation.org
C:\Users\USER\Downloads\files(4)\invasivelens\invasivelens\data_raw\floralens\Ammophila_arenaria\Ammophila_arenaria_2013692060_2.jpg,Ammophila arenaria,Unknown,floralens,2013692060.0,TRAIN,iNaturalist
C:\Users\USER\Downloads\files(4)\invasivelens\invasivelens\data_raw\floralens\Ammophila_arenaria\Ammophila_arenaria_2006082399_1.jpg,Ammophila arenaria,Unknown,floralens,2006082399.0,TRAIN,iNaturalist
C:\Users\USER\Downloads\files(4)\invasivelens\invasivelens\data_raw\floralens\Ammophila_arenaria\Ammophila_arenaria_1955111954_1.jpg,Ammophila arenaria,Unknown,floralens,1955111954.0,TRAIN,Observation.org
C:\Users\USER\Downloads\files(4)\invasivelens\invasivelens\data_raw\floralens\Ammophila_arenaria\Ammophila_arenaria_9.jpg,Ammophila arenaria,Unknown,floralens,,TRAIN,FloraOn
C:\Users\USER\Downloads\files(4)\invasivelens\invasivelens\data_raw\floralens\Ammophila_arenaria\Ammophila_arenaria_2834938103_1.jpg,Ammophila arenaria,Unknown,floralens,2834938103.0,TRAIN,Observation.org
C:\Users\USER\Downloads\files(4)\invasivelens\invasivelens\data_raw\floralens\Ammophila_arenaria\Ammophila_arenaria_2840185844_1.jpg,Ammophila arenaria,Unknown,floralens,2840185844.0,TRAIN,Observation.org
C:\Users\USER\Downloads\files(4)\invasivelens\invasivelens\data_raw\floralens\Ammophila_arenaria\Ammophila_arenaria_2837166555_1.jpg,Ammophila arenaria,Unknown,floralens,2837166555.0,TRAIN,Observation.org
C:\Users\USER\Downloads\files(4)\invasivelens\invasivelens\data_raw\floralens\Ammophila_arenaria\Ammophila_arenaria_1966189380_1.jpg,Ammophila arenaria,Unknown,floralens,1966189380.0,TRAIN,Observation.org
C:\Users\USER\Downloads\files(4)\invasivelens\invasivelens\data_raw\floralens\Ammophila_arenaria\Ammophila_arenaria_2832357734_1.jpg,Ammophila arenaria,Unknown,floralens,2832357734.0,TRAIN,Observation.org
C:\Users\USER\Downloads\files(4)\invasivelens\invasivelens\data_raw\floralens\Ammophila_arenaria\Ammophila_arenaria_2842799603_1.jpg,Ammophila arenaria,Unknown,floralens,2842799603.0,TRAIN,Observation.org
C:\Users\USER\Downloads\files(4)\invasivelens\invasivelens\data_raw\floralens\Ammophila_arenaria\Ammophila_arenaria_2836980035_1.jpg,Ammophila arenaria,Unknown,floralens,2836980035.0,TRAIN,Observation.org
C:\Users\USER\Downloads\files(4)\invasivelens\invasivelens\data_raw\floralens\Ammophila_arenaria\Ammophila_arenaria_2837292036_1.jpg,Ammophila arenaria,Unknown,floralens,2837292036.0,TRAIN,Observation.org
C:\Users\USER\Downloads\files(4)\invasivelens\invasivelens\data_raw\floralens\Ammophila_arenaria\Ammophila_arenaria_2834455255_1.jpg,Ammophila arenaria,Unknown,floralens,2834455255.0,TRAIN,Observation.org
C:\Users\USER\Downloads\files(4)\invasivelens\invasivelens\data_raw\floralens\Ammophila_arenaria\Ammophila_arenaria_1880602750_2.jpg,Ammophila arenaria,Unknown,floralens,1880602750.0,TRAIN,iNaturalist
C:\Users\USER\Downloads\files(4)\invasivelens\invasivelens\data_raw\floralens\Ammophila_arenaria\Ammophila_arenaria_1975464575_1.jpg,Ammophila arenaria,Unknown,floralens,1975464575.0,TRAIN,Observation.org
C:\Users\USER\Downloads\files(4)\invasivelens\invasivelens\data_raw\floralens\Ammophila_arenaria\Ammophila_arenaria_2843922552_1.jpg,Ammophila arenaria,Unknown,floralens,2843922552.0,TRAIN,Observation.org
C:\Users\USER\Downloads\files(4)\invasivelens\invasivelens\data_raw\floralens\Ammophila_arenaria\Ammophila_arenaria_2840362222_1.jpg,Ammophila arenaria,Unknown,floralens,2840362222.0,TRAIN,Observation.org
C:\Users\USER\Downloads\files(4)\invasivelens\invasivelens\data_raw\floralens\Ammophila_arenaria\Ammophila_arenaria_2843987657_1.jpg,Ammophila arenaria,Unknown,floralens,2843987657.0,TRAIN,Observation.org
C:\Users\USER\Downloads\files(4)\invasivelens\invasivelens\data_raw\floralens\Ammophila_arenaria\Ammophila_arenaria_1955303348_1.jpg,Ammophila arenaria,Unknown,floralens,1955303348.0,TRAIN,Observation.org
C:\Users\USER\Downloads\files(4)\invasivelens\invasivelens\data_raw\floralens\Ammophila_arenaria\Ammophila_arenaria_1957421835_2.jpg,Ammophila arenaria,Unknown,floralens,1957421835.0,TRAIN,Observation.org
C:\Users\USER\Downloads\files(4)\invasivelens\invasivelens\data_raw\floralens\Ammophila_arenaria\Ammophila_arenaria_1971982510_1.jpg,Ammophila arenaria,Unknown,floralens,1971982510.0,TRAIN,Observation.org
C:\Users\USER\Downloads\files(4)\invasivelens\invasivelens\data_raw\floralens\Ammophila_arenaria\Ammophila_arenaria_2465163585_1.jpg,Ammophila arenaria,Unknown,floralens,2465163585.0,TRAIN,iNaturalist
C:\Users\USER\Downloads\files(4)\invasivelens\invasivelens\data_raw\floralens\Ammophila_arenaria\Ammophila_arenaria_1951583533_1.jpg,Ammophila arenaria,Unknown,floralens,1951583533.0,TRAIN,Observation.org
C:\Users\USER\Downloads\files(4)\invasivelens\invasivelens\data_raw\floralens\Ammophila_arenaria\Ammophila_arenaria_2833166724_1.jpg,Ammophila arenaria,Unknown,floralens,2833166724.0,TRAIN,Observation.org
C:\Users\USER\Downloads\files(4)\invasivelens\invasivelens\data_raw\floralens\Ammophila_arenaria\Ammophila_arenaria_2832697608_1.jpg,Ammophila arenaria,Unknown,floralens,2832697608.0,TRAIN,Observation.org
C:\Users\USER\Downloads\files(4)\invasivelens\invasivelens\data_raw\floralens\Ammophila_arenaria\Ammophila_arenaria_1.jpg,Ammophila arenaria,Unknown,floralens,,TRAIN,FloraOn
C:\Users\USER\Downloads\files(4)\invasivelens\invasivelens\data_raw\floralens\Ammophila_arenaria\Ammophila_arenaria_2837682366_3.jpg,Ammophila arenaria,Unknown,floralens,2837682366.0,TRAIN,Observation.org
